23.1.1.1,示例代码片段根据提示进行配置，或进行少量修改，放入上下文可在IDE中可正常编译，无报错和告警（因示例代码片段缺少定义，若有对应注释说明可忽略），运行后结果与描述/示意图一致性，不能出现crash、界面白屏/黑屏现象。,capi-arkui-nativemodule-arkui-circleshapeoption.md,https://gitcode.com/openharmony/docs/blob/master/zh-cn/application-dev/reference/apis-arkui/capi-arkui-nativemodule-arkui-circleshapeoption.md,,ArkUI_CircleShapeOption,10,,,未确认-a449,P1,该C语言typedef声明末尾缺少必需的分号，放入上下文编译时会产生语法错误，不符合示例代码应可正常编译且无报错和告警的要求。,,typedef struct ArkUI_CircleShape ArkUI_CircleShapeOption;,typedef struct ArkUI_CircleShape ArkUI_CircleShapeOption,https://gitcode.com/openharmony_docs_ai/docs_review_platform/blob/main/docs_prompt/23_1_1_1.md,质量,示例代码可用实用,示例代码可用性,验证文档中提供的示例代码片段语法和逻辑正确，编译运行无报错和告警,否,capi-arkui-nativemodule-arkui-circleshapeoption.md第9-11行是类型签名展示，不是可独立编译的示例；实际接口native_render.h第148行的typedef声明已带分号，且同类Native类型页均按签名格式省略结尾分号。,无需修改，保留文档第10行的类型签名；编译时应使用native_render.h第148行的完整声明。
0.30.1.4,检测 Markdown 文件中代码注释和描述准确性问题、代码规范性检查。,capi-arkui-nativemodule-arkui-circleshapeoption.md,https://gitcode.com/openharmony/docs/blob/master/zh-cn/application-dev/reference/apis-arkui/capi-arkui-nativemodule-arkui-circleshapeoption.md,,ArkUI_CircleShapeOption,10,,,未确认-a450,P1,该typedef声明末尾缺少分号，不是完整、合法的C语言类型别名声明，按原文使用会导致编译语法错误。,,typedef struct ArkUI_CircleShape ArkUI_CircleShapeOption;,typedef struct ArkUI_CircleShape ArkUI_CircleShapeOption,https://gitcode.com/BeicC/docs-prompt/blob/feature_use_local_pr_information/agentic-workflow/skills/code-comments/SKILL.md,,,,,否,capi-arkui-nativemodule-arkui-circleshapeoption.md第10行按Native类型页约定展示声明签名，实际C声明位于native_render.h第148行且结尾已有分号，因此不是非法接口声明。,无需修改，保留文档第10行；不把类型签名展示误改为代码示例。
21.1.1.1,检查文档中英文单词拼写无错误、中文无错别字、无多字/少字,capi-arkui-nativemodule-arkui-attributeitem.md,https://gitcode.com/openharmony/docs/blob/master/zh-cn/application-dev/reference/apis-arkui/capi-arkui-nativemodule-arkui-attributeitem.md,,ArkUI_AttributeItem,30,,,未确认-a451,P1,“配合变量value使用”之后缺少谓语“表示”，使“value数组的长度”成为缺少谓语的残缺成分，属于明确的少字问题。,,| int32_t size                       | 数字类型数组大小，配合变量value使用，表示value数组的长度。 |,| int32_t size                       | 数字类型数组大小，配合变量value使用，value数组的长度。 |,https://gitcode.com/openharmony_docs_ai/docs_review_platform/blob/main/docs_prompt/21_1_1_1.md,质量,内容规范性,无拼写错误/错别字/重复字,验证文档中无拼写错误、错别字、重复字,是,扫描时capi-arkui-nativemodule-arkui-attributeitem.md原第30行“配合变量value使用，value数组的长度”缺少谓语；native_node.h第203-205行明确size表示value数组长度。,当前库已将capi-arkui-nativemodule-arkui-attributeitem.md第30行改为“value数组的长度，需配合变量value使用”。
21.1.1.1,检查文档中英文单词拼写无错误、中文无错别字、无多字/少字,capi-arkui-nativemodule-arkui-attributeitem.md,https://gitcode.com/openharmony/docs/blob/master/zh-cn/application-dev/reference/apis-arkui/capi-arkui-nativemodule-arkui-attributeitem.md,,ArkUI_AttributeItem,15,,,未确认-a452,P1,“setAttribute函数”与“通用入参结构”之间缺少结构助词“的”，导致定中关系不完整，属于缺少关键字造成的明确语法错误。,,定义[setAttribute](capi-arkui-nativemodule-arkui-nativenodeapi-1.md#setattribute)函数的通用入参结构。各个属性设置接口可选择使用其中的成员变量来存储特定类型的参数数据。,定义[setAttribute](capi-arkui-nativemodule-arkui-nativenodeapi-1.md#setattribute)函数通用入参结构。各个属性设置接口可选择使用其中的成员变量来存储特定类型的参数数据。,https://gitcode.com/openharmony_docs_ai/docs_review_platform/blob/main/docs_prompt/21_1_1_1.md,质量,内容规范性,无拼写错误/错别字/重复字,验证文档中无拼写错误、错别字、重复字,是,扫描时capi-arkui-nativemodule-arkui-attributeitem.md原第15行“setAttribute函数通用入参结构”缺少结构助词，无法清楚表达所属关系。,当前库已在capi-arkui-nativemodule-arkui-attributeitem.md第15行补充“的”，改为“setAttribute函数的通用入参结构”。
12.2.2.9,若相关参数间存在配合/制约关系，检查文档中对于满足配合/制约关系的效果、不满足产生的影响描述完整。,capi-arkui-nativemodule-arkui-attributeitem.md,https://gitcode.com/openharmony/docs/blob/master/zh-cn/application-dev/reference/apis-arkui/capi-arkui-nativemodule-arkui-attributeitem.md,,ArkUI_AttributeItem,30,,,未确认-a453,P2,该句明确说明size需要与value配合使用，并说明size表示value数组的长度，但未说明size与value数组实际长度不一致时产生的影响，参数配合关系的后果描述不完整。,,| int32_t size                       | 数字类型数组大小，配合变量value使用，表示value数组的长度；size与value数组实际长度不一致时的影响需根据接口实际行为补充说明。 |,| int32_t size                       | 数字类型数组大小，配合变量value使用，value数组的长度。 |,https://gitcode.com/openharmony_docs_ai/docs_review_platform/blob/main/docs_prompt/12_2_2_9.md,体验,知识点完整,API接口/方法/参数/错误码/权限等完整,验证文档中参数的取值说明、使用建议、注意事项提供完整,否,native_node.h第201-210行仅定义通用ArkUI_AttributeItem，具体属性如何校验value与size由各setAttribute属性实现决定；文档第29-30行已准确说明数组及其长度，无法为通用结构补充统一的不一致后果。,无需修改，保留capi-arkui-nativemodule-arkui-attributeitem.md第29-30行；具体长度限制应在对应属性接口中依据实现说明。
18.1.1.1,验证文档符合风格指南中对清晰、简洁、具体、一致等维度的规范要求。,capi-arkui-nativemodule-arkui-attributeitem.md,https://gitcode.com/openharmony/docs/blob/master/zh-cn/application-dev/reference/apis-arkui/capi-arkui-nativemodule-arkui-attributeitem.md,,ArkUI_AttributeItem,30,,,未确认-a454,P2,“数字类型数组大小”与“value数组的长度”语义重复，但二者之间缺少明确的连接关系；“value数组的长度”作为末尾分句成分不完整，导致size的含义及其与value的配合关系表述不清。,,| int32_t size                       | 数字类型数组的大小，即value数组的长度，与变量value配合使用。 |,| int32_t size                       | 数字类型数组大小，配合变量value使用，value数组的长度。 |,https://gitcode.com/openharmony_docs_ai/docs_review_platform/blob/main/docs_prompt/18_1_1_1.md,体验,内容规范性,文档语言符合规范,验证文档符合风格指南中对清晰、简洁、具体、一致等维度的规范要求,是,扫描时capi-arkui-nativemodule-arkui-attributeitem.md原第30行语义重复且成分衔接不完整，native_node.h第204-205行表明size就是value数组长度。,当前库已将capi-arkui-nativemodule-arkui-attributeitem.md第30行统一为“value数组的长度，需配合变量value使用”。
0.30.1.2,检测 Markdown 文件中接口、参数等中英文一致性、描述准确性问题。,capi-arkui-nativemodule-arkui-attributeitem.md,https://gitcode.com/openharmony/docs/blob/master/zh-cn/application-dev/reference/apis-arkui/capi-arkui-nativemodule-arkui-attributeitem.md,,ArkUI_AttributeItem,30,,,未确认-a455,P2,“数字类型数组大小”与“value数组的长度”语义重复，且“配合变量value使用，value数组的长度”缺少明确的谓语衔接，导致成员说明冗余且语句不通顺。size表示value数组的长度，直接说明该含义即可。,,| int32_t size                       | value数组的长度。 |,| int32_t size                       | 数字类型数组大小，配合变量value使用，value数组的长度。 |,https://gitcode.com/BeicC/docs-prompt/blob/feature_use_local_pr_information/agentic-workflow/skills/terminology-consistency/SKILL.md,,,,,是,扫描时capi-arkui-nativemodule-arkui-attributeitem.md原第30行同时重复“数组大小”和“数组长度”，且“配合变量value使用，value数组的长度”语句不通。,当前库已精简capi-arkui-nativemodule-arkui-attributeitem.md第30行，明确size为value数组长度并说明需与value配合。
0.30.1.4,检测 Markdown 文件中代码注释和描述准确性问题、代码规范性检查。,capi-arkui-nativemodule-arkui-attributeitem.md,https://gitcode.com/openharmony/docs/blob/master/zh-cn/application-dev/reference/apis-arkui/capi-arkui-nativemodule-arkui-attributeitem.md,,ArkUI_AttributeItem,10,,,未确认-a456,P1,该代码块标记为 C 语言，typedef 结构体声明需要以分号结束，但当前声明在别名 ArkUI_AttributeItem 后缺少分号，不符合 C 语言声明语法。,,typedef struct {...} ArkUI_AttributeItem;,typedef struct {...} ArkUI_AttributeItem,https://gitcode.com/BeicC/docs-prompt/blob/feature_use_local_pr_information/agentic-workflow/skills/code-comments/SKILL.md,,,,,否,capi-arkui-nativemodule-arkui-attributeitem.md第9-11行是匿名结构体类型签名展示；完整接口声明在native_node.h第201-210行并以分号结束，不属于可直接编译的示例代码。,无需修改，保留文档第10行的生成式类型签名。
12.1.1.1,检查文档中关于方法/函数的含义/功能等信息描述是否完整，功能描述中若存在名词或概念不易理解或存在多义性，检查文档是否提供相关知识。,capi-arkui-nativemodule-arkui-activechildreninfo.md,https://gitcode.com/openharmony/docs/blob/master/zh-cn/application-dev/reference/apis-arkui/capi-arkui-nativemodule-arkui-activechildreninfo.md,,ArkUI_ActiveChildrenInfo,26,,,未确认-a457,P2,“活跃”限定了接口获取哪些子节点，但文档未说明其判定条件，开发者无法明确接口返回范围。该概念在当前概述和相关接口说明中也未得到补充解释。,,获取某个节点所有活跃的子节点，并在接口说明中补充“活跃”的具体判定条件。,获取某个节点所有活跃的子节点。,https://gitcode.com/openharmony_docs_ai/docs_review_platform/blob/main/docs_prompt/12_1_1_1.md,体验,知识点完整,API接口/方法/参数/错误码/权限等完整,验证文档中关于方法/函数的含义/功能、使用场景、使用效果提供完整,是,扫描时capi-arkui-nativemodule-arkui-activechildreninfo.md原第26行未定义“活跃”；frame_node.cpp第8498-8501行实际仅收集IsActive()为true的FrameNode子节点。,当前库已在capi-arkui-nativemodule-arkui-activechildreninfo.md第15、26行明确为“内部活跃状态为true的FrameNode子节点”。
11.1.1.1,检查文档中提供的功能场景、特点描述是否全面，能解决哪些问题以及带来的收益是否完整。,capi-arkui-nativemodule-arkui-activechildreninfo.md,https://gitcode.com/openharmony/docs/blob/master/zh-cn/application-dev/reference/apis-arkui/capi-arkui-nativemodule-arkui-activechildreninfo.md,,ArkUI_ActiveChildrenInfo,15,,,未确认-a458,P2,该概述仅说明定义了ActiveChildrenInfo结构体，未说明其用于承载节点的活跃子节点信息，也未概括获取节点数量和按索引访问节点等整体能力，用户难以仅通过总体描述理解该结构体的用途。,,定义ActiveChildrenInfo结构体，用于描述节点的活跃子节点信息，支持获取活跃子节点数量以及按索引获取活跃子节点。,定义ActiveChildrenInfo结构体信息。,https://gitcode.com/openharmony_docs_ai/docs_review_platform/blob/main/docs_prompt/11_1_1_1.md,体验,知识点完整,概念/功能/原理/场景描述完整,验证模块的定义、功能、使用场景、用法用途完整无缺失,是,扫描时capi-arkui-nativemodule-arkui-activechildreninfo.md原第15行只写“定义结构体信息”，未说明结构体承载内容、查询能力和生命周期。,当前库已在文档第15行补充保存活跃子节点、查询数量、按下标读取以及使用后销毁等整体用途。
12.1.2.7,若相关方法/函数间存在配合/制约关系，检查文档中是否有相关描述，描述说明是否完整。,capi-arkui-nativemodule-arkui-activechildreninfo.md,https://gitcode.com/openharmony/docs/blob/master/zh-cn/application-dev/reference/apis-arkui/capi-arkui-nativemodule-arkui-activechildreninfo.md,,ArkUI_ActiveChildrenInfo,26,,,未确认-a459,P1,OH_ArkUI_NodeUtils_GetActiveChildrenInfo 获取的 ActiveChildrenInfo 实例需要由 OH_ArkUI_ActiveChildrenInfo_GetCount 和 OH_ArkUI_ActiveChildrenInfo_GetNodeByIndex 读取，并在使用完毕后通过 OH_ArkUI_ActiveChildrenInfo_Destroy 销毁。当前相关接口表仅分别说明各接口的功能，未明确说明这些接口之间的生命周期配合关系、调用顺序以及销毁要求。,,| [OH_ArkUI_NodeUtils_GetActiveChildrenInfo](capi-native-node-h.md#oh_arkui_nodeutils_getactivechildreninfo) | 获取某个节点所有活跃的子节点并生成ActiveChildrenInfo实例。获取成功后，可调用OH_ArkUI_ActiveChildrenInfo_GetCount获取节点数量，并调用OH_ArkUI_ActiveChildrenInfo_GetNodeByIndex读取指定子节点；完成读取后，必须调用OH_ArkUI_ActiveChildrenInfo_Destroy销毁该实例。 |,| [OH_ArkUI_NodeUtils_GetActiveChildrenInfo](capi-native-node-h.md#oh_arkui_nodeutils_getactivechildreninfo) | 获取某个节点所有活跃的子节点。 |,https://gitcode.com/BeicC/docs-prompt/blob/master/wait-for-confirm/method_relationship_check.md,体验,知识点完整,API接口/方法/参数/错误码/权限等完整,验证文档中关于方法/函数的使用建议、注意事项提供完整,是,node_utils.cpp第293-301行创建并填充ArkUI_ActiveChildrenInfo，native_type.h第1340、1350、1359行分别提供销毁、按下标读取和计数接口；扫描时文档未说明这些接口的调用关系。,当前库已在capi-arkui-nativemodule-arkui-activechildreninfo.md第15、26-29行补充创建、查询、遍历和销毁的配合关系。
18.1.1.1,验证文档符合风格指南中对清晰、简洁、具体、一致等维度的规范要求。,capi-arkui-nativemodule-arkui-activechildreninfo.md,https://gitcode.com/openharmony/docs/blob/master/zh-cn/application-dev/reference/apis-arkui/capi-arkui-nativemodule-arkui-activechildreninfo.md,,ArkUI_ActiveChildrenInfo,27,,,未确认-a460,P2,“结构体的下标为index的子节点”连续使用结构助词“的”，层次关系不够清晰；改为“结构体中下标为index的子节点”可以更简洁、准确地说明子节点与结构体之间的关系。,,| [OH_ArkUI_ActiveChildrenInfo_GetNodeByIndex](capi-native-type-h.md#oh_arkui_activechildreninfo_getnodebyindex) | 获取ActiveChildrenInfo结构体中下标为index的子节点。 |,| [OH_ArkUI_ActiveChildrenInfo_GetNodeByIndex](capi-native-type-h.md#oh_arkui_activechildreninfo_getnodebyindex) | 获取ActiveChildrenInfo结构体的下标为index的子节点。 |,https://gitcode.com/openharmony_docs_ai/docs_review_platform/blob/main/docs_prompt/18_1_1_1.md,体验,内容规范性,文档语言符合规范,验证文档符合风格指南中对清晰、简洁、具体、一致等维度的规范要求,是,扫描时capi-arkui-nativemodule-arkui-activechildreninfo.md原第27行“结构体的下标为index的子节点”连续使用“的”，层次不清。,当前库已将文档第27行改为“ArkUI_ActiveChildrenInfo结构体中下标为index的子节点”。
18.1.1.1,验证文档符合风格指南中对清晰、简洁、具体、一致等维度的规范要求。,capi-arkui-nativemodule-arkui-activechildreninfo.md,https://gitcode.com/openharmony/docs/blob/master/zh-cn/application-dev/reference/apis-arkui/capi-arkui-nativemodule-arkui-activechildreninfo.md,,ArkUI_ActiveChildrenInfo,25,,,未确认-a461,P1,第二列分隔单元格仅包含两个连字符，不符合Markdown表格分隔行通常至少使用三个连字符的结构要求，并且与第一列的分隔格式不一致，可能导致表格无法正确渲染。,,|---------------------------------------------------------------------------------| --- |,|---------------------------------------------------------------------------------| -- |,https://gitcode.com/openharmony_docs_ai/docs_review_platform/blob/main/docs_prompt/18_1_1_1.md,体验,内容规范性,文档语言符合规范,验证文档符合风格指南中对清晰、简洁、具体、一致等维度的规范要求,是,扫描时capi-arkui-nativemodule-arkui-activechildreninfo.md原表格分隔行第二列只有两个连字符，不满足Markdown表格至少三个连字符的语法。,当前库已将文档第25行第二列分隔符改为六个连字符，使表格可正常解析。
18.1.1.1,验证文档符合风格指南中对清晰、简洁、具体、一致等维度的规范要求。,capi-arkui-nativemodule-arkui-activechildreninfo.md,https://gitcode.com/openharmony/docs/blob/master/zh-cn/application-dev/reference/apis-arkui/capi-arkui-nativemodule-arkui-activechildreninfo.md,,ArkUI_ActiveChildrenInfo,15,,,未确认-a462,P2,“定义结构体信息”搭配不准确，“信息”属于冗余成分；此处定义的对象是ActiveChildrenInfo结构体，而非结构体的“信息”。,,定义ActiveChildrenInfo结构体。,定义ActiveChildrenInfo结构体信息。,https://gitcode.com/openharmony_docs_ai/docs_review_platform/blob/main/docs_prompt/18_1_1_1.md,体验,内容规范性,文档语言符合规范,验证文档符合风格指南中对清晰、简洁、具体、一致等维度的规范要求,是,扫描时capi-arkui-nativemodule-arkui-activechildreninfo.md原第15行“定义结构体信息”搭配不当，定义对象应为结构体本身。,当前库已在文档第15行改为“定义ArkUI_ActiveChildrenInfo结构体”，并补充其用途。
23.1.1.1,示例代码片段根据提示进行配置，或进行少量修改，放入上下文可在IDE中可正常编译，无报错和告警（因示例代码片段缺少定义，若有对应注释说明可忽略），运行后结果与描述/示意图一致性，不能出现crash、界面白屏/黑屏现象。,capi-arkui-nativemodule-arkui-activechildreninfo.md,https://gitcode.com/openharmony/docs/blob/master/zh-cn/application-dev/reference/apis-arkui/capi-arkui-nativemodule-arkui-activechildreninfo.md,,ArkUI_ActiveChildrenInfo,10,,,未确认-a463,P1,该 C 语言 typedef 声明末尾缺少必需的分号。代码块将其作为完整声明展示，且没有注释说明该语法成分被省略，因此直接放入上下文编译会产生语法错误，不符合代码片段可正常编译且无报错的要求。,,typedef struct ArkUI_ActiveChildrenInfo ArkUI_ActiveChildrenInfo;,typedef struct ArkUI_ActiveChildrenInfo ArkUI_ActiveChildrenInfo,https://gitcode.com/openharmony_docs_ai/docs_review_platform/blob/main/docs_prompt/23_1_1_1.md,质量,示例代码可用实用,示例代码可用性,验证文档中提供的示例代码片段语法和逻辑正确，编译运行无报错和告警,否,capi-arkui-nativemodule-arkui-activechildreninfo.md第9-11行是类型签名展示；实际typedef位于native_type.h第198行并带分号，同类Native类型页均省略签名展示末尾分号。,无需修改，保留文档第10行的类型签名。
0.30.1.4,检测 Markdown 文件中代码注释和描述准确性问题、代码规范性检查。,capi-arkui-nativemodule-arkui-activechildreninfo.md,https://gitcode.com/openharmony/docs/blob/master/zh-cn/application-dev/reference/apis-arkui/capi-arkui-nativemodule-arkui-activechildreninfo.md,,ArkUI_ActiveChildrenInfo,10,,,未确认-a464,P1,该行是C语言typedef声明，但声明末尾缺少必需的分号，无法构成合法的C语言声明，与代码块标注的C语言语法不符。,,typedef struct ArkUI_ActiveChildrenInfo ArkUI_ActiveChildrenInfo;,typedef struct ArkUI_ActiveChildrenInfo ArkUI_ActiveChildrenInfo,https://gitcode.com/BeicC/docs-prompt/blob/feature_use_local_pr_information/agentic-workflow/skills/code-comments/SKILL.md,,,,,否,文档第10行不是完整C示例，而是由接口生成的类型签名；native_type.h第198行已经给出合法的带分号声明。,无需修改capi-arkui-nativemodule-arkui-activechildreninfo.md第10行。
11.1.1.1,检查文档中提供的功能场景、特点描述是否全面，能解决哪些问题以及带来的收益是否完整。,capi-arkui-eventmodule.md,https://gitcode.com/openharmony/docs/blob/master/zh-cn/application-dev/reference/apis-arkui/capi-arkui-eventmodule.md,,ArkUI_EventModule,11,,,未确认-a465,P2,该句是模块级概述，但只笼统说明模块提供UI输入事件能力，未说明该能力适用于什么场景以及能够为开发者带来什么作用，无法完整呈现模块的整体用途。,,在Native侧提供ArkUI的UI输入事件能力，适用于需要在Native应用中使用ArkUI UI输入事件的场景，便于开发者接入相关事件能力。,在Native侧提供ArkUI的UI输入事件能力。,https://gitcode.com/openharmony_docs_ai/docs_review_platform/blob/main/docs_prompt/11_1_1_1.md,体验,知识点完整,概念/功能/原理/场景描述完整,验证模块的定义、功能、使用场景、用法用途完整无缺失,否,capi-arkui-eventmodule.md第11、19行及关联的capi-ui-input-event-h.md第11行所在文档归属非本组，本批次不处理；已按检视意见撤销这两个页面的相关修改。,无需修改；该问题转由文档归属组处理，本组保持上述文档原文。
26.1.1.1,检查文档中出现的术语、缩略语或专有名词，是否提供术语表进行解释说明，首次出现的术语、缩略语，是否提供全称，是否提供到术语表链接，IP、MAC等行业通用术语/缩略语除外。,capi-arkui-eventmodule.md,https://gitcode.com/openharmony/docs/blob/master/zh-cn/application-dev/reference/apis-arkui/capi-arkui-eventmodule.md,,ArkUI_EventModule,11,,,未确认-a466,P1,ArkUI在该功能描述中作为鸿蒙体系的专有框架名称首次有效出现，不属于行业通用术语，也不满足API类型引用等排除条件；所在句及相邻句均未提供中文全称或释义，不符合专有名词首次出现时提供全称或说明的要求。,,在Native侧提供ArkUI（方舟UI框架）的UI输入事件能力。,在Native侧提供ArkUI的UI输入事件能力。,https://gitcode.com/openharmony_docs_ai/docs_review_platform/blob/main/docs_prompt/26_1_1_1.md,体验,内容清晰性,原理描述清晰性,验证文档中出现的术语、缩略语或专有名词都有对应解释,否,capi-arkui-eventmodule.md第11行所在文档归属非本组，本批次不处理；已按检视意见保持该页面原文。,无需修改；该问题转由文档归属组处理，本组不修改capi-arkui-eventmodule.md第11行。
11.1.1.1,检查文档中提供的功能场景、特点描述是否全面，能解决哪些问题以及带来的收益是否完整。,arkts-apis-uicontext.md,https://gitcode.com/openharmony/docs/blob/master/zh-cn/application-dev/reference/apis-arkui/arkts-apis-uicontext.md,,,9,,,未确认-a467,P1,该模块级概述仅说明UI实例与窗口的关系、UI上下文追踪原理以及无法追踪时的后果，没有说明本模块整体提供哪些能力、适用于哪些典型场景，以及使用这些能力可以解决什么问题或带来什么收益，读者无法仅通过概述准确判断本模块的用途。,,在本段后补充本模块整体能力、典型使用场景、可解决的问题及使用收益；具体内容应依据本模块实际提供的API能力编写，避免将原文所述可能失败的非UI页面或异步回调场景直接描述为本模块已支持的能力。,在Stage模型中，WindowStage/Window可以通过[loadContent](arkts-apis-window-Window.md#loadcontent9)接口加载页面并创建UI的实例，并将页面内容渲染到关联的窗口中，所以UI实例和窗口是一一关联的。一些全局的UI接口是和具体UI实例的执行上下文相关的，在当前接口调用时，通过追溯调用链跟踪到UI的上下文，来确定具体的UI实例。若在非UI页面中或者一些异步回调中调用这类接口，可能无法跟踪到当前UI的上下文，导致接口执行失败。,https://gitcode.com/openharmony_docs_ai/docs_review_platform/blob/main/docs_prompt/11_1_1_1.md,体验,知识点完整,概念/功能/原理/场景描述完整,验证模块的定义、功能、使用场景、用法用途完整无缺失,是,扫描时arkts-apis-uicontext.md原第9行只解释上下文追踪原理，未按js-template.md第128-138行概括模块能力和适用场景。,当前库已在arkts-apis-uicontext.md第9行补充UIContext关联对象、弹窗、路由、组件查询、焦点和拖拽等能力及runScopedTask使用场景。
18.1.1.1,验证文档符合风格指南中对清晰、简洁、具体、一致等维度的规范要求。,arkts-apis-uicontext.md,https://gitcode.com/openharmony/docs/blob/master/zh-cn/application-dev/reference/apis-arkui/arkts-apis-uicontext.md,,,9,,,未确认-a468,P2,“一些全局的UI接口”未明确所指接口类别，“当前接口”指代不够准确；“通过追溯调用链跟踪到”存在语义重复，“来确定”也可精简，影响表述的清晰性和简洁性。,,部分全局UI接口与具体UI实例的执行上下文相关。调用此类接口时，系统沿调用链跟踪UI上下文，以确定具体的UI实例。,一些全局的UI接口是和具体UI实例的执行上下文相关的，在当前接口调用时，通过追溯调用链跟踪到UI的上下文，来确定具体的UI实例。,https://gitcode.com/openharmony_docs_ai/docs_review_platform/blob/main/docs_prompt/18_1_1_1.md,体验,内容规范性,文档语言符合规范,验证文档符合风格指南中对清晰、简洁、具体、一致等维度的规范要求,是,扫描时arkts-apis-uicontext.md原第9行“一些全局的UI接口”“当前接口”等指代不清，且“追溯调用链跟踪到”语义重复。,当前库已重写文档第9行，改为“与具体UI实例执行上下文相关的全局UI接口”，并精简为“通过追溯调用链跟踪UI上下文”。
27.1.1.1,每个步骤有清晰的执行主体（who），明确操作目的（why）、操作内容（what/how）、场景（when/where）。使用祈使句描述步骤，避免语句不通/啰嗦冗余/长句影响理解。,arkts-apis-uicontext.md,https://gitcode.com/openharmony/docs/blob/master/zh-cn/application-dev/reference/apis-arkui/arkts-apis-uicontext.md,,,9,,,未确认-a469,P2,该段连续说明UI实例与窗口的关联关系、全局UI接口的上下文确定机制以及接口执行失败的场景，信息层次较多且集中在较长的复合句中。其中“在当前接口调用时，通过追溯调用链跟踪到UI的上下文”语序和搭配不够顺畅，增加了理解难度，违反了避免语句不通及长句影响理解的要求。,,在Stage模型中，WindowStage/Window可以通过[loadContent](arkts-apis-window-Window.md#loadcontent9)接口加载页面、创建UI实例，并将页面内容渲染到关联的窗口中。因此，UI实例和窗口一一关联。一些全局UI接口与具体UI实例的执行上下文相关。调用这类接口时，系统会追溯调用链以获取UI上下文，从而确定具体的UI实例。若在非UI页面或异步回调中调用这类接口，系统可能无法获取当前UI的上下文，导致接口执行失败。,在Stage模型中，WindowStage/Window可以通过[loadContent](arkts-apis-window-Window.md#loadcontent9)接口加载页面并创建UI的实例，并将页面内容渲染到关联的窗口中，所以UI实例和窗口是一一关联的。一些全局的UI接口是和具体UI实例的执行上下文相关的，在当前接口调用时，通过追溯调用链跟踪到UI的上下文，来确定具体的UI实例。若在非UI页面中或者一些异步回调中调用这类接口，可能无法跟踪到当前UI的上下文，导致接口执行失败。,https://gitcode.com/openharmony_docs_ai/docs_review_platform/blob/main/docs_prompt/27_1_1_1.md,体验,内容清晰性,语言描述清晰性,验证文档语言描述清晰，便于理解。,是,扫描时arkts-apis-uicontext.md原第9行把页面加载、上下文追踪和失败场景集中在长复句中，语序不顺。,当前库已在文档第9行拆分并重组页面加载、UI实例关联、上下文追踪和失败场景的因果关系。
27.1.1.2,检查语言无模糊、晦涩抽象或者有歧义的表达。,arkts-apis-uicontext.md,https://gitcode.com/openharmony/docs/blob/master/zh-cn/application-dev/reference/apis-arkui/arkts-apis-uicontext.md,,,9,,,未确认-a470,P1,“一些全局的UI接口”未明确哪些接口与具体UI实例的执行上下文相关；“一些异步回调”也未说明哪些异步回调无法通过调用链跟踪UI上下文。读者因此难以准确判断接口的适用范围以及可能执行失败的调用场景。,,在Stage模型中，WindowStage/Window可以通过[loadContent](arkts-apis-window-Window.md#loadcontent9)接口加载页面并创建UI的实例，并将页面内容渲染到关联的窗口中，所以UI实例和窗口是一一关联的。与具体UI实例执行上下文相关的全局UI接口在被调用时，会通过追溯调用链跟踪UI上下文，以确定具体的UI实例。若在非UI页面中，或者在无法通过调用链跟踪到当前UI上下文的异步回调中调用这类接口，可能导致接口执行失败。,在Stage模型中，WindowStage/Window可以通过[loadContent](arkts-apis-window-Window.md#loadcontent9)接口加载页面并创建UI的实例，并将页面内容渲染到关联的窗口中，所以UI实例和窗口是一一关联的。一些全局的UI接口是和具体UI实例的执行上下文相关的，在当前接口调用时，通过追溯调用链跟踪到UI的上下文，来确定具体的UI实例。若在非UI页面中或者一些异步回调中调用这类接口，可能无法跟踪到当前UI的上下文，导致接口执行失败。,https://gitcode.com/openharmony_docs_ai/docs_review_platform/blob/main/docs_prompt/27_1_1_2.md,体验,内容清晰性,语言描述清晰性,验证文档语言描述清晰，便于理解。,是,扫描时arkts-apis-uicontext.md原第9行使用“一些全局的UI接口”和“一些异步回调”，适用范围含糊。,当前库已在文档第9行明确为“与具体UI实例执行上下文相关的全局UI接口”和“未绑定当前UI上下文的异步回调”。
26.1.2.1,对于复杂原理/概念，查看文档是否适当使用图表，辅助内容理解,arkts-apis-uicontext.md,https://gitcode.com/openharmony/docs/blob/master/zh-cn/application-dev/reference/apis-arkui/arkts-apis-uicontext.md,,,9,,,未确认-a471,P2,该段同时描述页面加载与渲染过程、UI实例和窗口的对应关系、全局UI接口通过调用链追溯上下文的机制，以及上下文追溯失败导致接口执行失败的异常分支，包含多个对象、连续步骤和因果关系，属于复杂原理描述。当前仅采用连续文字说明，缺少关系图或流程图，不利于读者直观理解对象关系、正常执行路径和异常场景。,,在本段后增加一幅流程图，按“WindowStage/Window调用loadContent接口→加载页面并创建UI实例→将页面内容渲染到关联窗口→调用全局UI接口时沿调用链追溯UI上下文→确定具体UI实例”的顺序展示正常流程，并增加“非UI页面或异步回调中无法追溯UI上下文→接口执行失败”的异常分支。,在Stage模型中，WindowStage/Window可以通过[loadContent](arkts-apis-window-Window.md#loadcontent9)接口加载页面并创建UI的实例，并将页面内容渲染到关联的窗口中，所以UI实例和窗口是一一关联的。一些全局的UI接口是和具体UI实例的执行上下文相关的，在当前接口调用时，通过追溯调用链跟踪到UI的上下文，来确定具体的UI实例。若在非UI页面中或者一些异步回调中调用这类接口，可能无法跟踪到当前UI的上下文，导致接口执行失败。,https://gitcode.com/openharmony_docs_ai/docs_review_platform/blob/main/docs_prompt/26_1_2_1.md,体验,内容清晰性,原理描述清晰性,对于复杂原理/概念，文档提供适当图表，辅助内容理解,否,arkts-apis-uicontext.md第9行已用连续文字说明“加载页面并创建UI实例—追踪UI上下文—无法追踪时失败”的线性因果关系；js-template.md第128-138行要求模块描述，但未要求此类概述必须配流程图。,无需修改，保留文档第9行的文字说明，不新增缺乏必要性的流程图。
12.1.1.2,检查文档中清楚地说明了使用场景。,arkts-apis-uicontext-uicontext.md,https://gitcode.com/openharmony/docs/blob/master/zh-cn/application-dev/reference/apis-arkui/arkts-apis-uicontext-uicontext.md,runScopedTask,Class (UIContext),1774,,,未确认-a472,P2,该描述只说明回调函数会在当前UI上下文中执行，未说明开发者何时需要限定回调的UI上下文，也未交代该接口适用于多窗口、多UI实例等需要确保UI操作归属特定UIContext的场景。示例中的“do something”也未补充实际用途。,,在当前UI上下文执行传入的回调函数，适用于需要确保回调中的UI操作在指定UIContext对应的UI实例中执行的场景。,在当前UI上下文执行传入的回调函数。,https://gitcode.com/openharmony_docs_ai/docs_review_platform/blob/main/docs_prompt/12_1_1_2.md,体验,知识点完整,API接口/方法/参数/错误码/权限等完整,验证文档中关于方法/函数的含义/功能、使用场景、使用效果提供完整,是,扫描时arkts-apis-uicontext-uicontext.md原runScopedTask说明只写执行回调，未交代用于绑定指定UI实例作用域的场景。,当前库已在文档第1771行补充UI上下文不明确时绑定指定UI实例的场景，并在第1792-1800行用CalendarPickerDialog示例展示实际用途。
11.1.1.1,检查文档中提供的功能场景、特点描述是否全面，能解决哪些问题以及带来的收益是否完整。,arkts-apis-uicontext-uicontext.md,https://gitcode.com/openharmony/docs/blob/master/zh-cn/application-dev/reference/apis-arkui/arkts-apis-uicontext-uicontext.md,,Class (UIContext),9,,,未确认-a473,P1,该句是标题后的类级总体描述，但仅说明UIContext是实例对象，未概括其主要能力、可解决的问题和典型使用场景，开发者无法通过概述快速了解该类的整体用途，不符合类级总体描述完整性的要求。,,UIContext实例对象，用于获取和使用指定UI实例的上下文能力，可调用路由、弹窗、动画、组件节点和窗口信息等功能，适用于需要在指定UI实例中执行界面操作的场景。,UIContext实例对象。,https://gitcode.com/openharmony_docs_ai/docs_review_platform/blob/main/docs_prompt/11_1_1_1.md,体验,知识点完整,概念/功能/原理/场景描述完整,验证模块的定义、功能、使用场景、用法用途完整无缺失,是,扫描时arkts-apis-uicontext-uicontext.md原第9行仅写“UIContext实例对象”，不符合js-template.md第128-138行对功能和场景的概述要求。,当前库已在文档第9行补充控制器、弹窗与动画、节点和窗口查询、像素转换等主要能力及适用场景。
12.3.1.2,检查文档中是否说明返回值的用途。,arkts-apis-uicontext-uicontext.md,https://gitcode.com/openharmony/docs/blob/master/zh-cn/application-dev/reference/apis-arkui/arkts-apis-uicontext-uicontext.md,requireDynamicSyncScene,Class (UIContext),2987,,,未确认-a474,P2,返回值说明只指出返回DynamicSyncScene对象数组，没有说明数组中的对象用于配置组件的动态帧率场景。,,| Array&lt;DynamicSyncScene&gt; | 返回DynamicSyncScene对象数组，用于配置组件的动态帧率场景。 |,| Array&lt;DynamicSyncScene&gt; | 获取DynamicSyncScene对象数组。 |,https://gitcode.com/openharmony_docs_ai/docs_review_platform/blob/main/docs_prompt/12_3_1_2.md,体验,知识点完整,API接口/方法/参数/错误码/权限等完整,验证返回值及其含义应说明完整,是,扫描时arkts-apis-uicontext-uicontext.md原返回值只说明获取数组，未说明DynamicSyncScene对象的用途；接口requireDynamicSyncScene用于动态帧率配置。,当前库已在文档第2984行补充“用于自定义场景相关帧率配置”。
12.2.1.1,检查文档中关于参数的含义/功能等信息描述是否完整，例如有些方法/函数需要开发者了解具体采用的数据格式，则应给出数据格式说明。,arkts-apis-uicontext-uicontext.md,https://gitcode.com/openharmony/docs/blob/master/zh-cn/application-dev/reference/apis-arkui/arkts-apis-uicontext-uicontext.md,runScopedTask,Class (UIContext),1784,,,未确认-a475,P1,callback参数的说明仅为“回调函数”，未说明该回调将在当前UI上下文中执行，也未说明其用于承载需要在该UI上下文中运行的任务代码。虽然类型列给出了无参数、无返回值的函数类型，但说明列仍缺少回调的具体功能和执行语境。,,| callback | () => void | 是    | 在当前UI上下文中执行的回调函数，用于承载需要在该UI上下文中运行的任务代码。 |,| callback | () => void | 是    | 回调函数 |,https://gitcode.com/BeicC/docs-prompt/blob/master/wait-for-confirm/parameter_description_completeness_check.md,体验,知识点完整,API接口/方法/参数/错误码/权限等完整,验证参数的含义/功能、使用场景、使用后效果提供完整,是,扫描时arkts-apis-uicontext-uicontext.md原callback参数仅写“回调函数”，未说明其执行作用域。,当前库已在文档第1781行明确callback是在当前UIContext对应UI实例作用域内执行的回调函数。
12.2.2.7,若使用该参数时有前提条件/前置操作，检查文档中关于设置该参数的前提条件、前置操作描述是否完整，前置参数设置后返回值或者回调对当前参数的影响，以及对当前操作的影响描述是否完整。,arkts-apis-uicontext-uicontext.md,https://gitcode.com/openharmony/docs/blob/master/zh-cn/application-dev/reference/apis-arkui/arkts-apis-uicontext-uicontext.md,px2lpx,Class (UIContext),2640,,,未确认-a476,P3,接口上下文明确说明getUIContext需在windowStage.loadContent之后调用，以确保UIContext初始化完成，否则该接口无法返回准确结果；但value参数自身未说明这一前置操作及不满足条件时的影响。,,"| value | number | 是   | 将px单位的数值转换为以lpx为单位的数值。需在windowStage.loadContent之后获取并初始化UIContext，否则无法返回准确结果。<br/>取值范围：(-∞, +∞) |","| value | number | 是   | 将px单位的数值转换为以lpx为单位的数值。<br/>取值范围：(-∞, +∞) |",https://gitcode.com/openharmony_docs_ai/docs_review_platform/blob/main/docs_prompt/12_2_2_7.md,体验,知识点完整,API接口/方法/参数/错误码/权限等完整,验证文档中参数的取值说明、使用建议、注意事项提供完整,否,js-template.md第241行要求把调用前提写在方法描述中；arkts-apis-uicontext-uicontext.md第2623-2625行已说明px2lpx需在loadContent完成并初始化UIContext后调用，第2635行参数只需说明value含义。,无需在第2635行重复方法级前置条件，保留第2623-2625行统一说明。
12.2.2.7,若使用该参数时有前提条件/前置操作，检查文档中关于设置该参数的前提条件、前置操作描述是否完整，前置参数设置后返回值或者回调对当前参数的影响，以及对当前操作的影响描述是否完整。,arkts-apis-uicontext-uicontext.md,https://gitcode.com/openharmony/docs/blob/master/zh-cn/application-dev/reference/apis-arkui/arkts-apis-uicontext-uicontext.md,lpx2px,Class (UIContext),2586,,,未确认-a477,P3,接口上下文明确说明getUIContext需在windowStage.loadContent之后调用，以确保UIContext初始化完成，否则该接口无法返回准确结果；但value参数自身未说明这一前置操作及不满足条件时的影响。,,"| value | number | 是   | 将lpx单位的数值转换为以px为单位的数值。需在windowStage.loadContent之后获取并初始化UIContext，否则无法返回准确结果。<br/>取值范围：(-∞, +∞) |","| value | number | 是   | 将lpx单位的数值转换为以px为单位的数值。<br/>取值范围：(-∞, +∞) |",https://gitcode.com/openharmony_docs_ai/docs_review_platform/blob/main/docs_prompt/12_2_2_7.md,体验,知识点完整,API接口/方法/参数/错误码/权限等完整,验证文档中参数的取值说明、使用建议、注意事项提供完整,否,js-template.md第241行将前置条件归入方法描述；arkts-apis-uicontext-uicontext.md第2569-2571行已说明lpx2px的初始化前提，第2581行参数说明与UIContext.d.ts第5853-5864行接口定义一致。,无需修改第2581行，保留第2569-2571行的方法级前置条件。
12.2.2.7,若使用该参数时有前提条件/前置操作，检查文档中关于设置该参数的前提条件、前置操作描述是否完整，前置参数设置后返回值或者回调对当前参数的影响，以及对当前操作的影响描述是否完整。,arkts-apis-uicontext-uicontext.md,https://gitcode.com/openharmony/docs/blob/master/zh-cn/application-dev/reference/apis-arkui/arkts-apis-uicontext-uicontext.md,px2fp,Class (UIContext),2532,,,未确认-a478,P3,接口上下文明确说明getUIContext需在windowStage.loadContent之后调用，以确保UIContext初始化完成，否则该接口无法返回准确结果；但value参数自身未说明这一前置操作及不满足条件时的影响。,,"| value | number | 是   | 将px单位的数值转换为以fp为单位的数值。需在windowStage.loadContent之后获取并初始化UIContext，否则无法返回准确结果。<br/>取值范围：(-∞, +∞) |","| value | number | 是   | 将px单位的数值转换为以fp为单位的数值。<br/>取值范围：(-∞, +∞) |",https://gitcode.com/openharmony_docs_ai/docs_review_platform/blob/main/docs_prompt/12_2_2_7.md,体验,知识点完整,API接口/方法/参数/错误码/权限等完整,验证文档中参数的取值说明、使用建议、注意事项提供完整,否,arkts-apis-uicontext-uicontext.md第2515-2517行已按js-template.md第241行说明px2fp调用前提，第2527行参数表只描述value的转换含义和范围，不存在信息缺失。,无需在第2527行重复前置条件，保留现有方法说明。
12.2.2.7,若使用该参数时有前提条件/前置操作，检查文档中关于设置该参数的前提条件、前置操作描述是否完整，前置参数设置后返回值或者回调对当前参数的影响，以及对当前操作的影响描述是否完整。,arkts-apis-uicontext-uicontext.md,https://gitcode.com/openharmony/docs/blob/master/zh-cn/application-dev/reference/apis-arkui/arkts-apis-uicontext-uicontext.md,fp2px,Class (UIContext),2474,,,未确认-a479,P3,接口上下文明确说明getUIContext需在windowStage.loadContent之后调用，以确保UIContext初始化完成，否则该接口无法返回准确结果；但value参数自身未说明这一前置操作及不满足条件时的影响。,,"| value | number | 是   | 将fp单位的数值转换为以px为单位的数值。需在windowStage.loadContent之后获取并初始化UIContext，否则无法返回准确结果。<br/>取值范围：(-∞, +∞) |","| value | number | 是   | 将fp单位的数值转换为以px为单位的数值。<br/>取值范围：(-∞, +∞) |",https://gitcode.com/openharmony_docs_ai/docs_review_platform/blob/main/docs_prompt/12_2_2_7.md,体验,知识点完整,API接口/方法/参数/错误码/权限等完整,验证文档中参数的取值说明、使用建议、注意事项提供完整,否,arkts-apis-uicontext-uicontext.md第2457-2459行已说明fp2px需在loadContent后获取并初始化UIContext，符合js-template.md第241行把前提写在方法描述中的要求。,无需修改第2469行参数说明，避免重复第2457-2459行内容。
12.2.2.7,若使用该参数时有前提条件/前置操作，检查文档中关于设置该参数的前提条件、前置操作描述是否完整，前置参数设置后返回值或者回调对当前参数的影响，以及对当前操作的影响描述是否完整。,arkts-apis-uicontext-uicontext.md,https://gitcode.com/openharmony/docs/blob/master/zh-cn/application-dev/reference/apis-arkui/arkts-apis-uicontext-uicontext.md,px2vp,Class (UIContext),2416,,,未确认-a480,P3,接口上下文明确说明getUIContext需在windowStage.loadContent之后调用，以确保UIContext初始化完成，否则该接口无法返回准确结果；但value参数自身未说明这一前置操作及不满足条件时的影响。,,"| value | number | 是   | 将px单位的数值转换为以vp为单位的数值。需在windowStage.loadContent之后获取并初始化UIContext，否则无法返回准确结果。<br/>取值范围：(-∞, +∞) |","| value | number | 是   | 将px单位的数值转换为以vp为单位的数值。<br/>取值范围：(-∞, +∞) |",https://gitcode.com/openharmony_docs_ai/docs_review_platform/blob/main/docs_prompt/12_2_2_7.md,体验,知识点完整,API接口/方法/参数/错误码/权限等完整,验证文档中参数的取值说明、使用建议、注意事项提供完整,否,arkts-apis-uicontext-uicontext.md第2397-2401行已说明px2vp的初始化前提及UI实例未创建时的替换建议，第2411行参数表无需重复方法级限制。,无需修改第2411行，保留前置条件在第2397-2401行。
12.2.2.7,若使用该参数时有前提条件/前置操作，检查文档中关于设置该参数的前提条件、前置操作描述是否完整，前置参数设置后返回值或者回调对当前参数的影响，以及对当前操作的影响描述是否完整。,arkts-apis-uicontext-uicontext.md,https://gitcode.com/openharmony/docs/blob/master/zh-cn/application-dev/reference/apis-arkui/arkts-apis-uicontext-uicontext.md,vp2px,Class (UIContext),2358,,,未确认-a481,P3,接口上下文明确说明getUIContext需在windowStage.loadContent之后调用，以确保UIContext初始化完成，否则该接口无法返回准确结果；但value参数自身未说明这一前置操作及不满足条件时的影响。,,"| value | number | 是   | 将vp单位的数值转换为以px为单位的数值。需在windowStage.loadContent之后获取并初始化UIContext，否则无法返回准确结果。<br/>取值范围：(-∞, +∞) |","| value | number | 是   | 将vp单位的数值转换为以px为单位的数值。<br/>取值范围：(-∞, +∞) |",https://gitcode.com/openharmony_docs_ai/docs_review_platform/blob/main/docs_prompt/12_2_2_7.md,体验,知识点完整,API接口/方法/参数/错误码/权限等完整,验证文档中参数的取值说明、使用建议、注意事项提供完整,否,arkts-apis-uicontext-uicontext.md第2339-2343行已完整说明vp2px的初始化前提和特殊场景，符合js-template.md第241行要求；第2353行只描述value本身。,无需修改第2353行，保留第2339-2343行的方法级说明。
25.2.1.1,样例代码格式符合规范、风格总体一致（例如大括号位置、单双引号、是否有分号等）。,arkts-apis-uicontext-uicontext.md,https://gitcode.com/openharmony/docs/blob/master/zh-cn/application-dev/reference/apis-arkui/arkts-apis-uicontext-uicontext.md,getPageRootNode,Class (UIContext),4341,,,未确认-a482,P1,函数调用表达式末尾缺少分号。,,"    console.info('pageOneTmp', 'aboutToDisappear');","    console.info('pageOneTmp', 'aboutToDisappear')",https://gitcode.com/openharmony_docs_ai/docs_review_platform/blob/main/docs_prompt/25_2_1_1.md,体验,示例代码可用实用,示例代码规范性,验收示例代码风格统一、规范,是,扫描时arkts-apis-uicontext-uicontext.md原pageOneTmp示例中的console.info表达式语句缺少分号。,当前库已在文档第4338行的console.info调用末尾补充分号。
25.2.1.1,样例代码格式符合规范、风格总体一致（例如大括号位置、单双引号、是否有分号等）。,arkts-apis-uicontext-uicontext.md,https://gitcode.com/openharmony/docs/blob/master/zh-cn/application-dev/reference/apis-arkui/arkts-apis-uicontext-uicontext.md,getPageRootNode,Class (UIContext),4296,,,未确认-a483,P2,`setTimeout`调用是表达式语句，其回调闭包结尾缺少分号。,,    });,    }),https://gitcode.com/openharmony_docs_ai/docs_review_platform/blob/main/docs_prompt/25_2_1_1.md,体验,示例代码可用实用,示例代码规范性,验收示例代码风格统一、规范,是,扫描时arkts-apis-uicontext-uicontext.md原setTimeout调用结尾为“})”，与ArkTS表达式语句格式不一致。,当前库已将文档第4289-4293行的setTimeout调用结尾改为“});”。
25.2.1.1,样例代码格式符合规范、风格总体一致（例如大括号位置、单双引号、是否有分号等）。,arkts-apis-uicontext-uicontext.md,https://gitcode.com/openharmony/docs/blob/master/zh-cn/application-dev/reference/apis-arkui/arkts-apis-uicontext-uicontext.md,getPageRootNode,Class (UIContext),4277,,,未确认-a484,P1,成员变量初始化声明末尾缺少分号，并与紧邻成员声明的分号风格不一致。,,  @Provide('pageInfos') pageInfos: NavPathStack = new NavPathStack();,  @Provide('pageInfos') pageInfos: NavPathStack = new NavPathStack(),https://gitcode.com/openharmony_docs_ai/docs_review_platform/blob/main/docs_prompt/25_2_1_1.md,体验,示例代码可用实用,示例代码规范性,验收示例代码风格统一、规范,是,扫描时arkts-apis-uicontext-uicontext.md原pageInfos成员初始化语句末尾缺少分号。,当前库已在文档第4274行NavPathStack初始化语句末尾补充分号。
25.2.1.1,样例代码格式符合规范、风格总体一致（例如大括号位置、单双引号、是否有分号等）。,arkts-apis-uicontext-uicontext.md,https://gitcode.com/openharmony/docs/blob/master/zh-cn/application-dev/reference/apis-arkui/arkts-apis-uicontext-uicontext.md,postDelayedFrameCallback,Class (UIContext),2960,,,未确认-a485,P2,构造函数参数使用双引号，与当前代码块其他字符串使用的单引号风格不一致。,,"          this.getUIContext().postDelayedFrameCallback(new MyFrameCallback('delayTask'), 5);","          this.getUIContext().postDelayedFrameCallback(new MyFrameCallback(""delayTask""), 5);",https://gitcode.com/openharmony_docs_ai/docs_review_platform/blob/main/docs_prompt/25_2_1_1.md,体验,示例代码可用实用,示例代码规范性,验收示例代码风格统一、规范,是,扫描时arkts-apis-uicontext-uicontext.md原postDelayedFrameCallback示例在同一代码块中混用双引号和单引号。,当前库已将文档第2957行MyFrameCallback参数统一为单引号包裹的“delayTask”。
25.2.1.1,样例代码格式符合规范、风格总体一致（例如大括号位置、单双引号、是否有分号等）。,arkts-apis-uicontext-uicontext.md,https://gitcode.com/openharmony/docs/blob/master/zh-cn/application-dev/reference/apis-arkui/arkts-apis-uicontext-uicontext.md,postFrameCallback,Class (UIContext),2911,,,未确认-a486,P2,构造函数参数使用双引号，与当前代码块其他字符串使用的单引号风格不一致。,,          this.getUIContext().postFrameCallback(new MyFrameCallback('normTask'));,"          this.getUIContext().postFrameCallback(new MyFrameCallback(""normTask""));",https://gitcode.com/openharmony_docs_ai/docs_review_platform/blob/main/docs_prompt/25_2_1_1.md,体验,示例代码可用实用,示例代码规范性,验收示例代码风格统一、规范,是,扫描时arkts-apis-uicontext-uicontext.md原postFrameCallback示例在同一代码块中混用双引号和单引号。,当前库已将文档第2908行MyFrameCallback参数统一为单引号包裹的“normTask”。
25.2.1.1,样例代码格式符合规范、风格总体一致（例如大括号位置、单双引号、是否有分号等）。,arkts-apis-uicontext-uicontext.md,https://gitcode.com/openharmony/docs/blob/master/zh-cn/application-dev/reference/apis-arkui/arkts-apis-uicontext-uicontext.md,runScopedTask,Class (UIContext),1801,,,未确认-a487,P2,`onClick`调用是表达式语句，其回调闭包结尾缺少分号。,,        });,        }),https://gitcode.com/openharmony_docs_ai/docs_review_platform/blob/main/docs_prompt/25_2_1_1.md,体验,示例代码可用实用,示例代码规范性,验收示例代码风格统一、规范,是,扫描时arkts-apis-uicontext-uicontext.md原runScopedTask调用闭包结尾缺少分号。,当前库已将文档第1795-1799行runScopedTask调用结尾改为“});”。
25.2.1.1,样例代码格式符合规范、风格总体一致（例如大括号位置、单双引号、是否有分号等）。,arkts-apis-uicontext-uicontext.md,https://gitcode.com/openharmony/docs/blob/master/zh-cn/application-dev/reference/apis-arkui/arkts-apis-uicontext-uicontext.md,runScopedTask,Class (UIContext),1800,,,未确认-a488,P2,`runScopedTask`调用是表达式语句，其回调闭包结尾缺少分号。,,          });,          }),https://gitcode.com/openharmony_docs_ai/docs_review_platform/blob/main/docs_prompt/25_2_1_1.md,体验,示例代码可用实用,示例代码规范性,验收示例代码风格统一、规范,是,扫描时arkts-apis-uicontext-uicontext.md原onClick调用闭包结尾缺少分号。,当前库已将文档第1792-1800行onClick调用结尾改为“});”。
25.2.1.1,样例代码格式符合规范、风格总体一致（例如大括号位置、单双引号、是否有分号等）。,arkts-apis-uicontext-uicontext.md,https://gitcode.com/openharmony/docs/blob/master/zh-cn/application-dev/reference/apis-arkui/arkts-apis-uicontext-uicontext.md,,Class (UIContext),36,,,未确认-a489,P1,箭头函数的`=>`前后均缺少空格，左大括号前也缺少空格。,,          .onClick(() => {,          .onClick(()=>{,https://gitcode.com/openharmony_docs_ai/docs_review_platform/blob/main/docs_prompt/25_2_1_1.md,体验,示例代码可用实用,示例代码规范性,验收示例代码风格统一、规范,是,扫描时arkts-apis-uicontext-uicontext.md原第36行箭头函数写成“.onClick(()=>{”，运算符和左花括号前均缺少空格。,当前库已将文档第36行改为“.onClick(() => {”。
18.1.1.1,验证文档符合风格指南中对清晰、简洁、具体、一致等维度的规范要求。,arkts-apis-uicontext-uicontext.md,https://gitcode.com/openharmony/docs/blob/master/zh-cn/application-dev/reference/apis-arkui/arkts-apis-uicontext-uicontext.md,runScopedTask,Class (UIContext),1784,,,未确认-a490,P2,参数说明仅写“回调函数”，未说明该回调的用途。读者仅查看参数表时，无法准确判断回调将在何种上下文中执行。,,| callback | () => void | 是    | 在当前UI上下文中执行的回调函数。 |,| callback | () => void | 是    | 回调函数 |,https://gitcode.com/openharmony_docs_ai/docs_review_platform/blob/main/docs_prompt/18_1_1_1.md,体验,内容规范性,文档语言符合规范,验证文档符合风格指南中对清晰、简洁、具体、一致等维度的规范要求,是,扫描时arkts-apis-uicontext-uicontext.md原callback说明无法单独判断回调的执行上下文。,当前库已在文档第1781行明确callback需在当前UIContext对应的UI实例作用域内执行。
18.1.1.1,验证文档符合风格指南中对清晰、简洁、具体、一致等维度的规范要求。,arkts-apis-uicontext-uicontext.md,https://gitcode.com/openharmony/docs/blob/master/zh-cn/application-dev/reference/apis-arkui/arkts-apis-uicontext-uicontext.md,getPageInfoByUniqueId,Class (UIContext),1178,,,未确认-a491,P2,“提供……接口通过……”句式结构不通顺，接口标题和签名已经给出接口名称，无需在功能描述中重复“提供……接口”。,,通过组件的uniqueId获取该节点对应的Router和NavDestination页面信息。,提供getPageInfoByUniqueId接口通过组件的uniqueId获取该节点对应的Router和NavDestination页面信息。,https://gitcode.com/openharmony_docs_ai/docs_review_platform/blob/main/docs_prompt/18_1_1_1.md,体验,内容规范性,文档语言符合规范,验证文档符合风格指南中对清晰、简洁、具体、一致等维度的规范要求,是,扫描时arkts-apis-uicontext-uicontext.md原getPageInfoByUniqueId说明使用“提供…接口通过…”病句。,当前库已将文档第1175行精简为“通过组件的uniqueId获取该节点对应的Router和NavDestination页面信息”。
18.1.1.1,验证文档符合风格指南中对清晰、简洁、具体、一致等维度的规范要求。,arkts-apis-uicontext-uicontext.md,https://gitcode.com/openharmony/docs/blob/master/zh-cn/application-dev/reference/apis-arkui/arkts-apis-uicontext-uicontext.md,getFrameNodeByUniqueId,Class (UIContext),1129,,,未确认-a492,P2,“提供……接口通过……”句式结构不通顺，且接口标题和签名已经给出接口名称，“提供getFrameNodeByUniqueId接口”未增加有效信息。,,通过组件的uniqueId获取组件树的实体节点。,提供getFrameNodeByUniqueId接口通过组件的uniqueId获取组件树的实体节点。,https://gitcode.com/openharmony_docs_ai/docs_review_platform/blob/main/docs_prompt/18_1_1_1.md,体验,内容规范性,文档语言符合规范,验证文档符合风格指南中对清晰、简洁、具体、一致等维度的规范要求,是,扫描时arkts-apis-uicontext-uicontext.md原getFrameNodeByUniqueId说明使用“提供…接口通过…”病句。,当前库已将文档第1126行精简为“通过组件的uniqueId获取组件树的实体节点”。
0.30.1.7,检测 Markdown 文件中的Markdown语法规范问题,arkts-apis-uicontext-uicontext.md,https://gitcode.com/openharmony/docs/blob/master/zh-cn/application-dev/reference/apis-arkui/arkts-apis-uicontext-uicontext.md,px2lpx,Class (UIContext),2646,,,未确认-a493,P2,该行使用了规则明确禁止的`<br/>`，应改为规范的`<br>`。,,"| number | 转换后的数值。<br>取值范围：(-∞, +∞) |","| number | 转换后的数值。<br/>取值范围：(-∞, +∞) |",https://gitcode.com/BeicC/docs-prompt/blob/feature_use_local_pr_information/agentic-workflow/skills/markdown/SKILL.md,,,,,是,扫描时arkts-apis-uicontext-uicontext.md原px2lpx返回值表使用“<br/>”，而js-template.md第245行规定表格换行使用“<br>”。,当前库已将文档第2641行换行标签改为“<br>”。
0.30.1.7,检测 Markdown 文件中的Markdown语法规范问题,arkts-apis-uicontext-uicontext.md,https://gitcode.com/openharmony/docs/blob/master/zh-cn/application-dev/reference/apis-arkui/arkts-apis-uicontext-uicontext.md,px2lpx,Class (UIContext),2640,,,未确认-a494,P2,该行使用了规则明确禁止的`<br/>`，应改为规范的`<br>`。,,"| value | number | 是   | 将px单位的数值转换为以lpx为单位的数值。<br>取值范围：(-∞, +∞) |","| value | number | 是   | 将px单位的数值转换为以lpx为单位的数值。<br/>取值范围：(-∞, +∞) |",https://gitcode.com/BeicC/docs-prompt/blob/feature_use_local_pr_information/agentic-workflow/skills/markdown/SKILL.md,,,,,是,扫描时arkts-apis-uicontext-uicontext.md原px2lpx参数表使用不规范的“<br/>”。,当前库已将文档第2635行换行标签改为“<br>”。
0.30.1.7,检测 Markdown 文件中的Markdown语法规范问题,arkts-apis-uicontext-uicontext.md,https://gitcode.com/openharmony/docs/blob/master/zh-cn/application-dev/reference/apis-arkui/arkts-apis-uicontext-uicontext.md,lpx2px,Class (UIContext),2592,,,未确认-a495,P2,该行使用了规则明确禁止的`<br/>`，应改为规范的`<br>`。,,"| number | 转换后的数值。<br>取值范围：(-∞, +∞) |","| number | 转换后的数值。<br/>取值范围：(-∞, +∞) |",https://gitcode.com/BeicC/docs-prompt/blob/feature_use_local_pr_information/agentic-workflow/skills/markdown/SKILL.md,,,,,是,扫描时arkts-apis-uicontext-uicontext.md原lpx2px返回值表使用不规范的“<br/>”。,当前库已将文档第2587行换行标签改为“<br>”。
0.30.1.7,检测 Markdown 文件中的Markdown语法规范问题,arkts-apis-uicontext-uicontext.md,https://gitcode.com/openharmony/docs/blob/master/zh-cn/application-dev/reference/apis-arkui/arkts-apis-uicontext-uicontext.md,lpx2px,Class (UIContext),2586,,,未确认-a496,P2,该行使用了规则明确禁止的`<br/>`，应改为规范的`<br>`。,,"| value | number | 是   | 将lpx单位的数值转换为以px为单位的数值。<br>取值范围：(-∞, +∞) |","| value | number | 是   | 将lpx单位的数值转换为以px为单位的数值。<br/>取值范围：(-∞, +∞) |",https://gitcode.com/BeicC/docs-prompt/blob/feature_use_local_pr_information/agentic-workflow/skills/markdown/SKILL.md,,,,,是,扫描时arkts-apis-uicontext-uicontext.md原lpx2px参数表使用不规范的“<br/>”。,当前库已将文档第2581行换行标签改为“<br>”。
0.30.1.7,检测 Markdown 文件中的Markdown语法规范问题,arkts-apis-uicontext-uicontext.md,https://gitcode.com/openharmony/docs/blob/master/zh-cn/application-dev/reference/apis-arkui/arkts-apis-uicontext-uicontext.md,px2fp,Class (UIContext),2538,,,未确认-a497,P2,该行使用了规则明确禁止的`<br/>`，应改为规范的`<br>`。,,"| number | 转换后的数值。<br>取值范围：(-∞, +∞) |","| number | 转换后的数值。<br/>取值范围：(-∞, +∞) |",https://gitcode.com/BeicC/docs-prompt/blob/feature_use_local_pr_information/agentic-workflow/skills/markdown/SKILL.md,,,,,是,扫描时arkts-apis-uicontext-uicontext.md原px2fp返回值表使用不规范的“<br/>”。,当前库已将文档第2533行换行标签改为“<br>”。
0.30.1.7,检测 Markdown 文件中的Markdown语法规范问题,arkts-apis-uicontext-uicontext.md,https://gitcode.com/openharmony/docs/blob/master/zh-cn/application-dev/reference/apis-arkui/arkts-apis-uicontext-uicontext.md,px2fp,Class (UIContext),2532,,,未确认-a498,P2,该行使用了规则明确禁止的`<br/>`，应改为规范的`<br>`。,,"| value | number | 是   | 将px单位的数值转换为以fp为单位的数值。<br>取值范围：(-∞, +∞) |","| value | number | 是   | 将px单位的数值转换为以fp为单位的数值。<br/>取值范围：(-∞, +∞) |",https://gitcode.com/BeicC/docs-prompt/blob/feature_use_local_pr_information/agentic-workflow/skills/markdown/SKILL.md,,,,,是,扫描时arkts-apis-uicontext-uicontext.md原px2fp参数表使用不规范的“<br/>”。,当前库已将文档第2527行换行标签改为“<br>”。
0.30.1.7,检测 Markdown 文件中的Markdown语法规范问题,arkts-apis-uicontext-uicontext.md,https://gitcode.com/openharmony/docs/blob/master/zh-cn/application-dev/reference/apis-arkui/arkts-apis-uicontext-uicontext.md,fp2px,Class (UIContext),2480,,,未确认-a499,P2,该行使用了规则明确禁止的`<br/>`，应改为规范的`<br>`。,,"| number | 转换后的数值。<br>取值范围：(-∞, +∞) |","| number | 转换后的数值。<br/>取值范围：(-∞, +∞) |",https://gitcode.com/BeicC/docs-prompt/blob/feature_use_local_pr_information/agentic-workflow/skills/markdown/SKILL.md,,,,,是,扫描时arkts-apis-uicontext-uicontext.md原fp2px返回值表使用不规范的“<br/>”。,当前库已将文档第2475行换行标签改为“<br>”。
0.30.1.7,检测 Markdown 文件中的Markdown语法规范问题,arkts-apis-uicontext-uicontext.md,https://gitcode.com/openharmony/docs/blob/master/zh-cn/application-dev/reference/apis-arkui/arkts-apis-uicontext-uicontext.md,fp2px,Class (UIContext),2474,,,未确认-a500,P2,该行使用了规则明确禁止的`<br/>`，应改为规范的`<br>`。,,"| value | number | 是   | 将fp单位的数值转换为以px为单位的数值。<br>取值范围：(-∞, +∞) |","| value | number | 是   | 将fp单位的数值转换为以px为单位的数值。<br/>取值范围：(-∞, +∞) |",https://gitcode.com/BeicC/docs-prompt/blob/feature_use_local_pr_information/agentic-workflow/skills/markdown/SKILL.md,,,,,是,扫描时arkts-apis-uicontext-uicontext.md原fp2px参数表使用不规范的“<br/>”。,当前库已将文档第2469行换行标签改为“<br>”。
0.30.1.7,检测 Markdown 文件中的Markdown语法规范问题,arkts-apis-uicontext-uicontext.md,https://gitcode.com/openharmony/docs/blob/master/zh-cn/application-dev/reference/apis-arkui/arkts-apis-uicontext-uicontext.md,px2vp,Class (UIContext),2422,,,未确认-a501,P2,该行使用了规则明确禁止的`<br/>`，应改为规范的`<br>`。,,"| number | 转换后的数值。<br>取值范围：(-∞, +∞) |","| number | 转换后的数值。<br/>取值范围：(-∞, +∞) |",https://gitcode.com/BeicC/docs-prompt/blob/feature_use_local_pr_information/agentic-workflow/skills/markdown/SKILL.md,,,,,是,扫描时arkts-apis-uicontext-uicontext.md原px2vp返回值表使用不规范的“<br/>”。,当前库已将文档第2417行换行标签改为“<br>”。
0.30.1.7,检测 Markdown 文件中的Markdown语法规范问题,arkts-apis-uicontext-uicontext.md,https://gitcode.com/openharmony/docs/blob/master/zh-cn/application-dev/reference/apis-arkui/arkts-apis-uicontext-uicontext.md,px2vp,Class (UIContext),2416,,,未确认-a502,P2,该行使用了规则明确禁止的`<br/>`，应改为规范的`<br>`。,,"| value | number | 是   | 将px单位的数值转换为以vp为单位的数值。<br>取值范围：(-∞, +∞) |","| value | number | 是   | 将px单位的数值转换为以vp为单位的数值。<br/>取值范围：(-∞, +∞) |",https://gitcode.com/BeicC/docs-prompt/blob/feature_use_local_pr_information/agentic-workflow/skills/markdown/SKILL.md,,,,,是,扫描时arkts-apis-uicontext-uicontext.md原px2vp参数表使用不规范的“<br/>”。,当前库已将文档第2411行换行标签改为“<br>”。
0.30.1.7,检测 Markdown 文件中的Markdown语法规范问题,arkts-apis-uicontext-uicontext.md,https://gitcode.com/openharmony/docs/blob/master/zh-cn/application-dev/reference/apis-arkui/arkts-apis-uicontext-uicontext.md,vp2px,Class (UIContext),2364,,,未确认-a503,P2,该行使用了规则明确禁止的`<br/>`，应改为规范的`<br>`。,,"| number | 转换后的数值。<br>取值范围：(-∞, +∞) |","| number | 转换后的数值。<br/>取值范围：(-∞, +∞) |",https://gitcode.com/BeicC/docs-prompt/blob/feature_use_local_pr_information/agentic-workflow/skills/markdown/SKILL.md,,,,,是,扫描时arkts-apis-uicontext-uicontext.md原vp2px返回值表使用不规范的“<br/>”。,当前库已将文档第2359行换行标签改为“<br>”。
0.30.1.7,检测 Markdown 文件中的Markdown语法规范问题,arkts-apis-uicontext-uicontext.md,https://gitcode.com/openharmony/docs/blob/master/zh-cn/application-dev/reference/apis-arkui/arkts-apis-uicontext-uicontext.md,vp2px,Class (UIContext),2358,,,未确认-a504,P2,该行使用了规则明确禁止的`<br/>`，应改为规范的`<br>`。,,"| value | number | 是   | 将vp单位的数值转换为以px为单位的数值。<br>取值范围：(-∞, +∞) |","| value | number | 是   | 将vp单位的数值转换为以px为单位的数值。<br/>取值范围：(-∞, +∞) |",https://gitcode.com/BeicC/docs-prompt/blob/feature_use_local_pr_information/agentic-workflow/skills/markdown/SKILL.md,,,,,是,扫描时arkts-apis-uicontext-uicontext.md原vp2px参数表使用不规范的“<br/>”。,当前库已将文档第2353行换行标签改为“<br>”。
25.5.1.1,检查示例代码中自定义的变量、接口、类等命名，遵循编码规范，可直接从命名了解其作用与功能。,arkts-apis-uicontext-uicontext.md,https://gitcode.com/openharmony/docs/blob/master/zh-cn/application-dev/reference/apis-arkui/arkts-apis-uicontext-uicontext.md,getPageRootNode,Class (UIContext),4379,,,未确认-a505,P2,自定义结构体名称pageThreeTmp以小写字母开头。结构体属于自定义类型，其名称应采用UpperCamelCase。修改后还需同步修改第4288行的调用。,,export struct PageThreeTmp {,export struct pageThreeTmp {,https://gitcode.com/openharmony_docs_ai/docs_review_platform/blob/main/docs_prompt/25_5_1_1.md,体验,示例代码可用实用,示例代码规范性,验证示例代码片段中参数命名符合规范,是,扫描时arkts-apis-uicontext-uicontext.md原自定义结构体pageThreeTmp以小写字母开头，不符合类型名UpperCamelCase规范。,当前库已将文档第4376行定义改为PageThree，并同步修改第4285行调用及第4382行展示文本。
25.5.1.1,检查示例代码中自定义的变量、接口、类等命名，遵循编码规范，可直接从命名了解其作用与功能。,arkts-apis-uicontext-uicontext.md,https://gitcode.com/openharmony/docs/blob/master/zh-cn/application-dev/reference/apis-arkui/arkts-apis-uicontext-uicontext.md,getPageRootNode,Class (UIContext),4360,,,未确认-a506,P2,自定义结构体名称pageTwoTmp以小写字母开头。结构体属于自定义类型，其名称应采用UpperCamelCase。修改后还需同步修改第4286行的调用。,,export struct PageTwoTmp {,export struct pageTwoTmp {,https://gitcode.com/openharmony_docs_ai/docs_review_platform/blob/main/docs_prompt/25_5_1_1.md,体验,示例代码可用实用,示例代码规范性,验证示例代码片段中参数命名符合规范,是,扫描时arkts-apis-uicontext-uicontext.md原自定义结构体pageTwoTmp以小写字母开头，不符合类型名UpperCamelCase规范。,当前库已将文档第4357行定义改为PageTwo，并同步修改第4283行调用及第4363行展示文本。
25.5.1.1,检查示例代码中自定义的变量、接口、类等命名，遵循编码规范，可直接从命名了解其作用与功能。,arkts-apis-uicontext-uicontext.md,https://gitcode.com/openharmony/docs/blob/master/zh-cn/application-dev/reference/apis-arkui/arkts-apis-uicontext-uicontext.md,getPageRootNode,Class (UIContext),4337,,,未确认-a507,P2,自定义结构体名称pageOneTmp以小写字母开头。结构体属于自定义类型，其名称应采用UpperCamelCase。修改后还需同步修改第4284行的调用。,,export struct PageOneTmp {,export struct pageOneTmp {,https://gitcode.com/openharmony_docs_ai/docs_review_platform/blob/main/docs_prompt/25_5_1_1.md,体验,示例代码可用实用,示例代码规范性,验证示例代码片段中参数命名符合规范,是,扫描时arkts-apis-uicontext-uicontext.md原自定义结构体pageOneTmp以小写字母开头，不符合类型名UpperCamelCase规范。,当前库已将文档第4334行定义改为PageOne，并同步修改第4281行调用、第4338和4344行相关文本。
25.5.1.1,检查示例代码中自定义的变量、接口、类等命名，遵循编码规范，可直接从命名了解其作用与功能。,arkts-apis-uicontext-uicontext.md,https://gitcode.com/openharmony/docs/blob/master/zh-cn/application-dev/reference/apis-arkui/arkts-apis-uicontext-uicontext.md,requireDynamicSyncScene,Class (UIContext),2998,,,未确认-a508,P2,GESTURE是通过@State声明的可变状态变量，却采用全大写常量命名风格，不符合变量名应采用lowerCamelCase的要求。修改后还需同步修改第3004、3029和3030行的引用。,,"  @State gesture: ExpectedFrameRateRange = { min: 0, max: 120, expected: 30 };","  @State GESTURE: ExpectedFrameRateRange = { min: 0, max: 120, expected: 30 };",https://gitcode.com/openharmony_docs_ai/docs_review_platform/blob/main/docs_prompt/25_5_1_1.md,体验,示例代码可用实用,示例代码规范性,验证示例代码片段中参数命名符合规范,是,扫描时arkts-apis-uicontext-uicontext.md原@State变量GESTURE使用全大写常量命名，但该字段是可变状态。,当前库已将文档第2995行改为gestureFrameRateRange，并同步修改第3001、3026-3027行引用。
25.5.1.1,检查示例代码中自定义的变量、接口、类等命名，遵循编码规范，可直接从命名了解其作用与功能。,arkts-apis-uicontext-uicontext.md,https://gitcode.com/openharmony/docs/blob/master/zh-cn/application-dev/reference/apis-arkui/arkts-apis-uicontext-uicontext.md,requireDynamicSyncScene,Class (UIContext),2997,,,未确认-a509,P2,ANIMATION是通过@State声明的可变状态变量，却采用全大写常量命名风格，不符合变量名应采用lowerCamelCase的要求。修改后还需同步修改第3003、3025和3026行的引用。,,"  @State animation: ExpectedFrameRateRange = { min: 0, max: 120, expected: 90 };","  @State ANIMATION: ExpectedFrameRateRange = { min: 0, max: 120, expected: 90 };",https://gitcode.com/openharmony_docs_ai/docs_review_platform/blob/main/docs_prompt/25_5_1_1.md,体验,示例代码可用实用,示例代码规范性,验证示例代码片段中参数命名符合规范,是,扫描时arkts-apis-uicontext-uicontext.md原@State变量ANIMATION使用全大写常量命名，但该字段是可变状态。,当前库已将文档第2994行改为animationFrameRateRange，并同步修改第3000、3022-3023行引用。
25.5.1.1,检查示例代码中自定义的变量、接口、类等命名，遵循编码规范，可直接从命名了解其作用与功能。,arkts-apis-uicontext-uicontext.md,https://gitcode.com/openharmony/docs/blob/master/zh-cn/application-dev/reference/apis-arkui/arkts-apis-uicontext-uicontext.md,isAvailable,Class (UIContext),453,,,未确认-a510,P1,catch参数e是非循环场景下的单字母自定义参数，不在白名单内，无法清晰表达异常对象的含义。修改参数名时还需同步修改第454行对e的引用。,,          } catch (error) {,          } catch (e) {,https://gitcode.com/openharmony_docs_ai/docs_review_platform/blob/main/docs_prompt/25_5_1_1.md,体验,示例代码可用实用,示例代码规范性,验证示例代码片段中参数命名符合规范,是,扫描时arkts-apis-uicontext-uicontext.md原catch参数e无法清楚表达异常对象含义。,当前库已将文档第450-451行的参数和引用同步改为error。
25.5.1.1,检查示例代码中自定义的变量、接口、类等命名，遵循编码规范，可直接从命名了解其作用与功能。,arkts-apis-uicontext-uicontext.md,https://gitcode.com/openharmony/docs/blob/master/zh-cn/application-dev/reference/apis-arkui/arkts-apis-uicontext-uicontext.md,isAvailable,Class (UIContext),438,,,未确认-a511,P1,catch参数e是非循环场景下的单字母自定义参数，不在白名单内，无法清晰表达异常对象的含义。修改参数名时还需同步修改第439行对e的引用。,,          } catch (error) {,          } catch (e) {,https://gitcode.com/openharmony_docs_ai/docs_review_platform/blob/main/docs_prompt/25_5_1_1.md,体验,示例代码可用实用,示例代码规范性,验证示例代码片段中参数命名符合规范,是,扫描时arkts-apis-uicontext-uicontext.md另一处catch参数e同样不具备明确语义。,当前库已将文档第435-436行的参数和引用同步改为error。
25.5.1.1,检查示例代码中自定义的变量、接口、类等命名，遵循编码规范，可直接从命名了解其作用与功能。,arkts-apis-uicontext-uicontext.md,https://gitcode.com/openharmony/docs/blob/master/zh-cn/application-dev/reference/apis-arkui/arkts-apis-uicontext-uicontext.md,constructor,Class (UIContext),83,,,未确认-a512,P2,自定义函数名GetUIContextByAtomicInterface以大写字母开头，不符合函数名应采用lowerCamelCase的要求。修改函数名时还需同步修改第135行的调用。,,function getUIContextByAtomicInterface(): UIContext {,function GetUIContextByAtomicInterface(): UIContext {,https://gitcode.com/openharmony_docs_ai/docs_review_platform/blob/main/docs_prompt/25_5_1_1.md,体验,示例代码可用实用,示例代码规范性,验证示例代码片段中参数命名符合规范,是,扫描时arkts-apis-uicontext-uicontext.md原函数GetUIContextByAtomicInterface以大写字母开头，不符合函数名lowerCamelCase规范。,当前库已将文档第80行函数名改为getUIContextByAtomicInterface，并同步修改第132行调用。
24.2.1.1,示例代码片段中不应存在实际未使用到的冗余代码（包含冗余导包），即代码拷贝至IDE中无灰色未使用代码。,arkts-apis-uicontext-uicontext.md,https://gitcode.com/openharmony/docs/blob/master/zh-cn/application-dev/reference/apis-arkui/arkts-apis-uicontext-uicontext.md,,Class (UIContext),52,,,未确认-a513,P2,常量DOMAIN声明后在该代码块内从未被读取或传入任何调用，也与三种UIContext获取方式的演示无关，属于冗余常量声明。,,删除该行常量声明。,const DOMAIN = 0x0000;,https://gitcode.com/openharmony_docs_ai/docs_review_platform/blob/main/docs_prompt/24_2_1_1.md,体验,示例代码可用实用,示例代码实用性,验证示例代码片段中不存在冗余代码,是,扫描时arkts-apis-uicontext-uicontext.md原三种UIContext获取方式示例声明DOMAIN但没有任何读取或调用用途。,当前库已删除冗余DOMAIN声明；文档第47-57行仅保留示例实际使用的UIAbility和window相关代码。
24.2.1.1,示例代码片段中不应存在实际未使用到的冗余代码（包含冗余导包），即代码拷贝至IDE中无灰色未使用代码。,arkts-apis-uicontext-uicontext.md,https://gitcode.com/openharmony/docs/blob/master/zh-cn/application-dev/reference/apis-arkui/arkts-apis-uicontext-uicontext.md,,Class (UIContext),49,,,未确认-a514,P1,hilog在该代码块全文中从未被引用，也不是获取UIContext实例所需的setup导入，与示例展示内容完全无关，属于冗余导包。,,删除该行导入。,import { hilog } from '@kit.PerformanceAnalysisKit';,https://gitcode.com/openharmony_docs_ai/docs_review_platform/blob/main/docs_prompt/24_2_1_1.md,体验,示例代码可用实用,示例代码实用性,验证示例代码片段中不存在冗余代码,是,扫描时arkts-apis-uicontext-uicontext.md原三种UIContext获取方式示例导入hilog但未使用。,当前库已删除该代码块的hilog导入；文档第47-50行现仅导入实际使用的UIAbility和window。
24.2.1.1,示例代码片段中不应存在实际未使用到的冗余代码（包含冗余导包），即代码拷贝至IDE中无灰色未使用代码。,arkts-apis-uicontext-uicontext.md,https://gitcode.com/openharmony/docs/blob/master/zh-cn/application-dev/reference/apis-arkui/arkts-apis-uicontext-uicontext.md,,Class (UIContext),48,,,未确认-a515,P1,该代码块中只有UIAbility被用于EntryAbility的继承声明；AbilityConstant、ConfigurationConstant和Want在整个代码块内均未被引用，且与示例展示的三种UIContext获取方式无关，属于冗余导入项。,,import { UIAbility } from '@kit.AbilityKit';,"import { AbilityConstant, ConfigurationConstant, UIAbility, Want } from '@kit.AbilityKit';",https://gitcode.com/openharmony_docs_ai/docs_review_platform/blob/main/docs_prompt/24_2_1_1.md,体验,示例代码可用实用,示例代码实用性,验证示例代码片段中不存在冗余代码,是,扫描时arkts-apis-uicontext-uicontext.md原三种UIContext获取方式示例从AbilityKit导入AbilityConstant、ConfigurationConstant和Want但未使用。,当前库已将文档第48行精简为仅导入实际用于继承的UIAbility。
23.1.1.1,示例代码片段根据提示进行配置，或进行少量修改，放入上下文可在IDE中可正常编译，无报错和告警（因示例代码片段缺少定义，若有对应注释说明可忽略），运行后结果与描述/示意图一致性，不能出现crash、界面白屏/黑屏现象。,arkts-apis-uicontext-uicontext.md,https://gitcode.com/openharmony/docs/blob/master/zh-cn/application-dev/reference/apis-arkui/arkts-apis-uicontext-uicontext.md,resolveUIContext,Class (UIContext),380,,,未确认-a516,P2,模板字符串在strategy插值表达式后额外包含一个右花括号，虽然不影响编译，但运行时会在解析策略值末尾输出无意义的“}”，使示例输出与预期结果不一致。,,"hilog.info(0x00, 'testTag', `UIContext id: ${resolvedUIContext.getId()}, strategy: ${resolvedUIContext.strategy}`);","hilog.info(0x00, 'testTag', `UIContext id: ${resolvedUIContext.getId()}, strategy: ${resolvedUIContext.strategy}}`);",https://gitcode.com/openharmony_docs_ai/docs_review_platform/blob/main/docs_prompt/23_1_1_1.md,质量,示例代码可用实用,示例代码可用性,验证文档中提供的示例代码片段语法和逻辑正确，编译运行无报错和告警,是,扫描时arkts-apis-uicontext-uicontext.md原模板字符串在strategy插值后多出一个右花括号，运行日志会附带无意义字符。,当前库已将文档第377行改为`${resolvedUIContext.strategy}`后直接结束模板文本。
27.1.1.1,每个步骤有清晰的执行主体（who），明确操作目的（why）、操作内容（what/how）、场景（when/where）。使用祈使句描述步骤，避免语句不通/啰嗦冗余/长句影响理解。,arkts-apis-uicontext-uicontext.md,https://gitcode.com/openharmony/docs/blob/master/zh-cn/application-dev/reference/apis-arkui/arkts-apis-uicontext-uicontext.md,px2lpx,Class (UIContext),2630,,,未确认-a517,P2,句中连续使用“调用”，且“确保UIContext初始化完成后调用此接口”未清晰区分调用getUIContext和调用px2lpx接口的先后关系，执行步骤不够明确。,,> 请在windowStage.[loadContent](./arkts-apis-window-WindowStage.md#loadcontent9)执行完成后调用getUIContext，确保UIContext已初始化，再调用px2lpx接口；否则无法返回准确结果。,> getUIContext需在windowStage.[loadContent](./arkts-apis-window-WindowStage.md#loadcontent9)之后调用，确保UIContext初始化完成后调用此接口，否则无法返回准确结果。,https://gitcode.com/openharmony_docs_ai/docs_review_platform/blob/main/docs_prompt/27_1_1_1.md,体验,内容清晰性,语言描述清晰性,验证文档语言描述清晰，便于理解。,是,扫描时arkts-apis-uicontext-uicontext.md原px2lpx说明连续使用“调用”，未清楚区分loadContent、getUIContext和转换接口的顺序。,当前库已在文档第2623-2625行改为loadContent完成后获取并初始化UIContext，否则本接口无法准确返回结果。
27.1.1.1,每个步骤有清晰的执行主体（who），明确操作目的（why）、操作内容（what/how）、场景（when/where）。使用祈使句描述步骤，避免语句不通/啰嗦冗余/长句影响理解。,arkts-apis-uicontext-uicontext.md,https://gitcode.com/openharmony/docs/blob/master/zh-cn/application-dev/reference/apis-arkui/arkts-apis-uicontext-uicontext.md,lpx2px,Class (UIContext),2576,,,未确认-a518,P2,句中连续使用“调用”，且“确保UIContext初始化完成后调用此接口”未清晰区分调用getUIContext和调用lpx2px接口的先后关系，执行步骤不够明确。,,> 请在windowStage.[loadContent](./arkts-apis-window-WindowStage.md#loadcontent9)执行完成后调用getUIContext，确保UIContext已初始化，再调用lpx2px接口；否则无法返回准确结果。,> getUIContext需在windowStage.[loadContent](./arkts-apis-window-WindowStage.md#loadcontent9)之后调用，确保UIContext初始化完成后调用此接口，否则无法返回准确结果。,https://gitcode.com/openharmony_docs_ai/docs_review_platform/blob/main/docs_prompt/27_1_1_1.md,体验,内容清晰性,语言描述清晰性,验证文档语言描述清晰，便于理解。,是,扫描时arkts-apis-uicontext-uicontext.md原lpx2px说明未清楚区分初始化UIContext与调用转换接口的先后关系。,当前库已在文档第2569-2571行明确loadContent完成后调用getUIContext并确保初始化。
27.1.1.1,每个步骤有清晰的执行主体（who），明确操作目的（why）、操作内容（what/how）、场景（when/where）。使用祈使句描述步骤，避免语句不通/啰嗦冗余/长句影响理解。,arkts-apis-uicontext-uicontext.md,https://gitcode.com/openharmony/docs/blob/master/zh-cn/application-dev/reference/apis-arkui/arkts-apis-uicontext-uicontext.md,px2fp,Class (UIContext),2522,,,未确认-a519,P2,句中连续使用“调用”，且“确保UIContext初始化完成后调用此接口”未清晰区分调用getUIContext和调用px2fp接口的先后关系，执行步骤不够明确。,,> 请在windowStage.[loadContent](./arkts-apis-window-WindowStage.md#loadcontent9)执行完成后调用getUIContext，确保UIContext已初始化，再调用px2fp接口；否则无法返回准确结果。,> getUIContext需在windowStage.[loadContent](./arkts-apis-window-WindowStage.md#loadcontent9)之后调用，确保UIContext初始化完成后调用此接口，否则无法返回准确结果。,https://gitcode.com/openharmony_docs_ai/docs_review_platform/blob/main/docs_prompt/27_1_1_1.md,体验,内容清晰性,语言描述清晰性,验证文档语言描述清晰，便于理解。,是,扫描时arkts-apis-uicontext-uicontext.md原px2fp说明因连续使用“调用”而步骤不清。,当前库已在文档第2515-2517行明确loadContent完成、获取并初始化UIContext后再使用本接口。
27.1.1.1,每个步骤有清晰的执行主体（who），明确操作目的（why）、操作内容（what/how）、场景（when/where）。使用祈使句描述步骤，避免语句不通/啰嗦冗余/长句影响理解。,arkts-apis-uicontext-uicontext.md,https://gitcode.com/openharmony/docs/blob/master/zh-cn/application-dev/reference/apis-arkui/arkts-apis-uicontext-uicontext.md,fp2px,Class (UIContext),2464,,,未确认-a520,P2,句中连续使用“调用”，且“确保UIContext初始化完成后调用此接口”未清晰区分调用getUIContext和调用fp2px接口的先后关系，执行步骤不够明确。,,> 请在windowStage.[loadContent](./arkts-apis-window-WindowStage.md#loadcontent9)执行完成后调用getUIContext，确保UIContext已初始化，再调用fp2px接口；否则无法返回准确结果。,> getUIContext需在windowStage.[loadContent](./arkts-apis-window-WindowStage.md#loadcontent9)之后调用，确保UIContext初始化完成后调用此接口，否则无法返回准确结果。,https://gitcode.com/openharmony_docs_ai/docs_review_platform/blob/main/docs_prompt/27_1_1_1.md,体验,内容清晰性,语言描述清晰性,验证文档语言描述清晰，便于理解。,是,扫描时arkts-apis-uicontext-uicontext.md原fp2px说明未清楚表达初始化前置条件。,当前库已在文档第2457-2459行改为loadContent完成后调用getUIContext并确保UIContext已初始化。
27.1.1.1,每个步骤有清晰的执行主体（who），明确操作目的（why）、操作内容（what/how）、场景（when/where）。使用祈使句描述步骤，避免语句不通/啰嗦冗余/长句影响理解。,arkts-apis-uicontext-uicontext.md,https://gitcode.com/openharmony/docs/blob/master/zh-cn/application-dev/reference/apis-arkui/arkts-apis-uicontext-uicontext.md,px2vp,Class (UIContext),2404,,,未确认-a521,P2,句中连续使用“调用”，且“确保UIContext初始化完成后调用此接口”未清晰区分调用getUIContext和调用px2vp接口的先后关系，执行步骤不够明确。,,> 1. 请在windowStage.[loadContent](./arkts-apis-window-WindowStage.md#loadcontent9)执行完成后调用getUIContext，确保UIContext已初始化，再调用px2vp接口；否则无法返回准确结果。,> 1. getUIContext需在windowStage.[loadContent](./arkts-apis-window-WindowStage.md#loadcontent9)之后调用，确保UIContext初始化完成后调用此接口，否则无法返回准确结果。,https://gitcode.com/openharmony_docs_ai/docs_review_platform/blob/main/docs_prompt/27_1_1_1.md,体验,内容清晰性,语言描述清晰性,验证文档语言描述清晰，便于理解。,是,扫描时arkts-apis-uicontext-uicontext.md原px2vp说明连续使用“调用”，执行步骤含糊。,当前库已在文档第2397-2401行明确loadContent、getUIContext初始化和接口调用的先后关系。
27.1.1.1,每个步骤有清晰的执行主体（who），明确操作目的（why）、操作内容（what/how）、场景（when/where）。使用祈使句描述步骤，避免语句不通/啰嗦冗余/长句影响理解。,arkts-apis-uicontext-uicontext.md,https://gitcode.com/openharmony/docs/blob/master/zh-cn/application-dev/reference/apis-arkui/arkts-apis-uicontext-uicontext.md,vp2px,Class (UIContext),2346,,,未确认-a522,P2,句中连续使用“调用”，且“确保UIContext初始化完成后调用此接口”未清晰区分调用getUIContext和调用vp2px接口的先后关系，执行步骤不够明确。,,> 1. 请在windowStage.[loadContent](./arkts-apis-window-WindowStage.md#loadcontent9)执行完成后调用getUIContext，确保UIContext已初始化，再调用vp2px接口；否则无法返回准确结果。,> 1. getUIContext需在windowStage.[loadContent](./arkts-apis-window-WindowStage.md#loadcontent9)之后调用，确保UIContext初始化完成后调用此接口，否则无法返回准确结果。,https://gitcode.com/openharmony_docs_ai/docs_review_platform/blob/main/docs_prompt/27_1_1_1.md,体验,内容清晰性,语言描述清晰性,验证文档语言描述清晰，便于理解。,是,扫描时arkts-apis-uicontext-uicontext.md原vp2px说明连续使用“调用”，执行步骤含糊。,当前库已在文档第2339-2343行明确loadContent完成后获取并初始化UIContext及特殊场景处理。
0.30.1.3,检测 Markdown 文件中常识性错误检查,arkts-apis-uicontext-uicontext.md,https://gitcode.com/openharmony/docs/blob/master/zh-cn/application-dev/reference/apis-arkui/arkts-apis-uicontext-uicontext.md,resolveUIContext,Class (UIContext),380,,,未确认-a523,P2,模板字符串在`${resolvedUIContext.strategy}`插值表达式之后多写了一个右花括号，导致实际日志中的strategy值末尾附带无意义的“}”，与示例 intended 展示的解析策略内容不一致。,,"hilog.info(0x00, 'testTag', `UIContext id: ${resolvedUIContext.getId()}, strategy: ${resolvedUIContext.strategy}`);","hilog.info(0x00, 'testTag', `UIContext id: ${resolvedUIContext.getId()}, strategy: ${resolvedUIContext.strategy}}`);",https://gitcode.com/BeicC/docs-prompt/blob/feature_use_local_pr_information/agentic-workflow/skills/common-sense/SKILL.md,,,,,是,扫描时arkts-apis-uicontext-uicontext.md原strategy日志模板在插值表达式后多写“}”，导致输出内容错误。,当前库已修正文档第377行，日志只输出resolvedUIContext.strategy的实际值。
0.30.1.4,检测 Markdown 文件中代码注释和描述准确性问题、代码规范性检查。,arkts-apis-uicontext-uicontext.md,https://gitcode.com/openharmony/docs/blob/master/zh-cn/application-dev/reference/apis-arkui/arkts-apis-uicontext-uicontext.md,resolveUIContext,Class (UIContext),380,,,未确认-a524,P2,模板字符串中的`${resolvedUIContext.strategy}`之后多写了一个右花括号。该字符虽然不会导致编译失败，但会作为普通文本出现在最终日志中，使示例输出的strategy值后多出“}”。,,"hilog.info(0x00, 'testTag', `UIContext id: ${resolvedUIContext.getId()}, strategy: ${resolvedUIContext.strategy}`);","hilog.info(0x00, 'testTag', `UIContext id: ${resolvedUIContext.getId()}, strategy: ${resolvedUIContext.strategy}}`);",https://gitcode.com/BeicC/docs-prompt/blob/feature_use_local_pr_information/agentic-workflow/skills/code-comments/SKILL.md,,,,,是,扫描时arkts-apis-uicontext-uicontext.md原第380行模板字符串多出的右花括号会作为普通文本输出。,当前库已在现第377行删除多余右花括号。
19.1.1.1,（1）格式正确，如英文单词间无多余的空格、不缺少空格（2）标题的字体、颜色、大小一致（3）行间距一致，段落间距一致（4）标点符号使用正确（如中文段落使用中文标点符号，英文段落使用英文，括号、引号成对出现）,arkts-apis-uicontext-resolveduicontext.md,https://gitcode.com/openharmony/docs/blob/master/zh-cn/application-dev/reference/apis-arkui/arkts-apis-uicontext-resolveduicontext.md,,Class (ResolvedUIContext),23,,,未确认-a525,P2,行首字段标签“系统能力”本身属于白名单，但豁免范围仅限标签本身，标签后的同行正文仍需检查。标签与“SystemCapability.ArkUI.ArkUI.Full”之间存在连续2个空格，违反中英文间距规范。,,**系统能力：** SystemCapability.ArkUI.ArkUI.Full,**系统能力：**  SystemCapability.ArkUI.ArkUI.Full,https://gitcode.com/openharmony_docs_ai/docs_review_platform/blob/main/docs_prompt/19_1_1_1.md,体验,内容规范性,样式显示规范,验证文档写作符合通用格式规范,是,扫描时arkts-apis-uicontext-resolveduicontext.md原“系统能力”标签后有两个空格，与模板和同级字段格式不一致。,当前库已将文档第25行改为单个空格：“**系统能力：** SystemCapability.ArkUI.ArkUI.Full”。
11.1.1.1,检查文档中提供的功能场景、特点描述是否全面，能解决哪些问题以及带来的收益是否完整。,arkts-apis-uicontext-resolveduicontext.md,https://gitcode.com/openharmony/docs/blob/master/zh-cn/application-dev/reference/apis-arkui/arkts-apis-uicontext-resolveduicontext.md,,Class (ResolvedUIContext),9,,,未确认-a526,P2,该句仅重复说明ResolvedUIContext是实例对象，未概括该类的整体能力和用途。虽然第16行补充了其继承关系及对象构成，但类级总体描述仍不足以帮助用户理解该类用于提供带解析策略的UIContext能力，功能描述不完整。,,ResolvedUIContext继承自UIContext，包含UIContext实例及其解析策略，用于提供带解析策略的UIContext能力。,ResolvedUIContext实例对象。,https://gitcode.com/openharmony_docs_ai/docs_review_platform/blob/main/docs_prompt/11_1_1_1.md,体验,知识点完整,概念/功能/原理/场景描述完整,验证模块的定义、功能、使用场景、用法用途完整无缺失,是,扫描时arkts-apis-uicontext-resolveduicontext.md原第9行仅重复类型名称，未说明对象内容和用途。,当前库已在文档第9行说明该对象包含UIContext及解析策略和适用场景，并在第16行明确继承关系及strategy属性。
12.1.2.4,若使用该方法/函数时对环境有要求，检查文档中关于环境的要求描述完整。,arkts-apis-uicontext-resolveduicontext.md,https://gitcode.com/openharmony/docs/blob/master/zh-cn/application-dev/reference/apis-arkui/arkts-apis-uicontext-resolveduicontext.md,,Class (ResolvedUIContext),27,,,未确认-a527,P2,文档第17行明确说明本模块接口仅可在Stage模型下使用，但strategy属性自身的说明未传递这一特定模式限制。开发者单独查阅该属性时，无法从属性说明中获知其使用环境要求。,,[UIContext](arkts-apis-uicontext-uicontext.md)的解析策略，仅可在Stage模型下使用。,[UIContext](arkts-apis-uicontext-uicontext.md)的解析策略。,https://gitcode.com/openharmony_docs_ai/docs_review_platform/blob/main/docs_prompt/12_1_2_4.md,体验,知识点完整,API接口/方法/参数/错误码/权限等完整,验证文档中关于方法/函数的使用建议、注意事项提供完整,是,扫描时arkts-apis-uicontext-resolveduicontext.md的strategy属性区域未下沉Stage模型约束；UIContext.d.ts第4842-4848行明确strategy带@stagemodelonly标签，按js-template.md第20-22、28行应在属性处体现。,当前库已在arkts-apis-uicontext-resolveduicontext.md第23行、唯一属性表上方统一补充“此接口仅可在Stage模型下使用”，符合属性字段无差异时统一写在表格上方的模板要求。
22.1.1.1,点击文档中的超链接，链接跳转后能正常打开页面，不存在断链。,arkts-apis-uicontext-resolveduicontext.md,https://gitcode.com/openharmony/docs/blob/master/zh-cn/application-dev/reference/apis-arkui/arkts-apis-uicontext-resolveduicontext.md,,Class (ResolvedUIContext),27,,,未确认-a528,P3,同一文档中的同级相对路径链接写法不一致：ResolveStrategy 链接使用了“./”前缀，而 UIContext 链接未使用该前缀。目标文件和锚点本身不存在已确认的有效性问题，但链接路径风格不统一。,,| strategy      | [ResolveStrategy](arkts-apis-uicontext-e.md#resolvestrategy22) | 否   | 否   | [UIContext](arkts-apis-uicontext-uicontext.md)的解析策略。             |,| strategy      | [ResolveStrategy](./arkts-apis-uicontext-e.md#resolvestrategy22) | 否   | 否   | [UIContext](arkts-apis-uicontext-uicontext.md)的解析策略。             |,https://gitcode.com/openharmony_docs_ai/docs_review_platform/blob/main/docs_prompt/22_1_1_1.md,质量,内容规范性,超链接规范,验证超链接跳转页面有效,是,扫描时arkts-apis-uicontext-resolveduicontext.md同一属性行的两个同级链接分别使用带“./”和不带“./”的写法，风格不一致。,当前库已将文档第29行ResolveStrategy链接改为不带“./”的同级相对路径，与UIContext链接保持一致。
12.1.2.3,若方法/函数需要在满足某些条件才生效，或不生效，检查文档中关于生效机制描述是否完整。,arkts-apis-uicontext-framecallback.md,https://gitcode.com/openharmony/docs/blob/master/zh-cn/application-dev/reference/apis-arkui/arkts-apis-uicontext-framecallback.md,onIdle,Class (FrameCallback),81,,,未确认-a529,P3,第19行已明确说明以下API需要配合UIContext中的postFrameCallback和postDelayedFrameCallback使用，并要求开发者继承FrameCallback类及重写onFrame或onIdle方法。onIdle自身仅说明回调的执行时机，未说明需要继承并重写该方法以及通过相关UIContext方法注册回调，生效机制传递不完整。,,开发者需要继承FrameCallback类并重写该方法，然后通过UIContext的postFrameCallback或postDelayedFrameCallback注册回调。在下一帧渲染任务结束后，如果距离下一个VSync信号到来的剩余时间大于1ms，该回调函数将被执行；如果剩余时间小于1ms，回调函数将被顺延至后续某一帧的剩余时间大于1ms时执行。如果当前没有下一帧，将自动请求下一帧。,在下一帧渲染任务结束后，如果距离其下个VSync信号到来的剩余时间大于1ms时，该回调函数将被执行；如果剩余时间小于1ms时，回调函数将被顺延至当某个下一帧的剩余时间大于1ms时再执行。如果当前没有下一帧，将自动请求下一帧。,https://gitcode.com/openharmony_docs_ai/docs_review_platform/blob/main/docs_prompt/12_1_2_3.md,体验,知识点完整,API接口/方法/参数/错误码/权限等完整,验证文档中关于方法/函数的使用建议、注意事项提供完整,是,扫描时arkts-apis-uicontext-framecallback.md原onIdle方法只说明执行时机，未在方法内说明继承重写和注册方式。,当前库已在文档第87行补充继承FrameCallback并重写onIdle后，配合postFrameCallback或postDelayedFrameCallback使用。
12.1.2.3,若方法/函数需要在满足某些条件才生效，或不生效，检查文档中关于生效机制描述是否完整。,arkts-apis-uicontext-framecallback.md,https://gitcode.com/openharmony/docs/blob/master/zh-cn/application-dev/reference/apis-arkui/arkts-apis-uicontext-framecallback.md,onFrame,Class (FrameCallback),25,,,未确认-a530,P3,第19行已明确说明以下API需要配合UIContext中的postFrameCallback和postDelayedFrameCallback使用，并要求开发者继承FrameCallback类及重写onFrame或onIdle方法。onFrame自身仅说明执行时机，未说明需要继承并重写该方法以及通过相关UIContext方法注册回调，生效机制传递不完整。,,在下一帧进行渲染时，该方法将被执行。开发者需要继承FrameCallback类并重写该方法，然后通过UIContext的postFrameCallback或postDelayedFrameCallback注册回调。,在下一帧进行渲染时，该方法将被执行。,https://gitcode.com/openharmony_docs_ai/docs_review_platform/blob/main/docs_prompt/12_1_2_3.md,体验,知识点完整,API接口/方法/参数/错误码/权限等完整,验证文档中关于方法/函数的使用建议、注意事项提供完整,是,扫描时arkts-apis-uicontext-framecallback.md原onFrame方法只说明执行时机，未说明生效方式。,当前库已在文档第27行补充继承重写onFrame及通过UIContext相关方法注册的用法。
12.1.2.6,若存在效率提升技巧、避免某些问题的开发建议或注意事项，检查文档中关于是否描述完整。,arkts-apis-uicontext-framecallback.md,https://gitcode.com/openharmony/docs/blob/master/zh-cn/application-dev/reference/apis-arkui/arkts-apis-uicontext-framecallback.md,onIdle,Class (FrameCallback),81,,,未确认-a531,P2,文档第19行说明以下API需要配合UIContext中的postFrameCallback和postDelayedFrameCallback使用，并要求开发者继承FrameCallback类、重写onFrame或onIdle方法，但onIdle的方法说明仅描述回调执行条件，未传递该方法的配合调用方式及继承重写要求，方法说明不完整。,,在下一帧渲染任务结束后，如果距离其下个VSync信号到来的剩余时间大于1ms时，该回调函数将被执行；如果剩余时间小于1ms时，回调函数将被顺延至当某个下一帧的剩余时间大于1ms时再执行。如果当前没有下一帧，将自动请求下一帧。该方法需要配合UIContext中的postFrameCallback或postDelayedFrameCallback使用，开发者需要继承FrameCallback类并重写该方法，以实现具体的业务逻辑。,在下一帧渲染任务结束后，如果距离其下个VSync信号到来的剩余时间大于1ms时，该回调函数将被执行；如果剩余时间小于1ms时，回调函数将被顺延至当某个下一帧的剩余时间大于1ms时再执行。如果当前没有下一帧，将自动请求下一帧。,https://gitcode.com/openharmony_docs_ai/docs_review_platform/blob/main/docs_prompt/12_1_2_6.md,体验,知识点完整,API接口/方法/参数/错误码/权限等完整,验证文档中关于方法/函数的使用建议、注意事项提供完整,是,扫描时arkts-apis-uicontext-framecallback.md原onIdle说明脱离类级概述后缺少配合调用关系。,当前库已在文档第87行补充与UIContext.postFrameCallback和postDelayedFrameCallback的配合关系。
12.1.2.6,若存在效率提升技巧、避免某些问题的开发建议或注意事项，检查文档中关于是否描述完整。,arkts-apis-uicontext-framecallback.md,https://gitcode.com/openharmony/docs/blob/master/zh-cn/application-dev/reference/apis-arkui/arkts-apis-uicontext-framecallback.md,onFrame,Class (FrameCallback),25,,,未确认-a532,P2,文档第19行说明以下API需要配合UIContext中的postFrameCallback和postDelayedFrameCallback使用，并要求开发者继承FrameCallback类、重写onFrame或onIdle方法，但onFrame的方法说明仅描述执行时机，未传递该方法的配合调用方式及继承重写要求，方法说明不完整。,,在下一帧进行渲染时，该方法将被执行。该方法需要配合UIContext中的postFrameCallback或postDelayedFrameCallback使用，开发者需要继承FrameCallback类并重写该方法，以实现具体的业务逻辑。,在下一帧进行渲染时，该方法将被执行。,https://gitcode.com/openharmony_docs_ai/docs_review_platform/blob/main/docs_prompt/12_1_2_6.md,体验,知识点完整,API接口/方法/参数/错误码/权限等完整,验证文档中关于方法/函数的使用建议、注意事项提供完整,是,扫描时arkts-apis-uicontext-framecallback.md原onFrame说明未传递继承、重写和配合UIContext方法使用的要求。,当前库已在文档第27行补充继承重写及配合两个UIContext注册方法使用。
12.1.2.4,若使用该方法/函数时对环境有要求，检查文档中关于环境的要求描述完整。,arkts-apis-uicontext-framecallback.md,https://gitcode.com/openharmony/docs/blob/master/zh-cn/application-dev/reference/apis-arkui/arkts-apis-uicontext-framecallback.md,onIdle,Class (FrameCallback),81,,,未确认-a533,P2,文档第17行已说明本模块接口仅可在Stage模型下使用，第19行说明该API需要配合UIContext中的postFrameCallback或postDelayedFrameCallback使用，并要求开发者继承FrameCallback类及重写onIdle方法；但onIdle自身的方法说明未传递这些使用环境和依赖关系，开发者仅阅读该方法章节时无法获知完整的使用条件。,,在下一帧渲染任务结束后，如果距离其下个VSync信号到来的剩余时间大于1ms时，该回调函数将被执行；如果剩余时间小于1ms时，回调函数将被顺延至当某个下一帧的剩余时间大于1ms时再执行。如果当前没有下一帧，将自动请求下一帧。该方法仅可在Stage模型下使用；开发者需要继承FrameCallback类并重写该方法，配合UIContext的postFrameCallback或postDelayedFrameCallback方法使用。,在下一帧渲染任务结束后，如果距离其下个VSync信号到来的剩余时间大于1ms时，该回调函数将被执行；如果剩余时间小于1ms时，回调函数将被顺延至当某个下一帧的剩余时间大于1ms时再执行。如果当前没有下一帧，将自动请求下一帧。,https://gitcode.com/openharmony_docs_ai/docs_review_platform/blob/main/docs_prompt/12_1_2_4.md,体验,知识点完整,API接口/方法/参数/错误码/权限等完整,验证文档中关于方法/函数的使用建议、注意事项提供完整,是,扫描时arkts-apis-uicontext-framecallback.md原onIdle方法自身未传递Stage模型和注册依赖。,当前库已在文档第87行补充注册依赖，并在第89行下沉“仅可在Stage模型下使用”的模型约束。
12.1.2.4,若使用该方法/函数时对环境有要求，检查文档中关于环境的要求描述完整。,arkts-apis-uicontext-framecallback.md,https://gitcode.com/openharmony/docs/blob/master/zh-cn/application-dev/reference/apis-arkui/arkts-apis-uicontext-framecallback.md,onFrame,Class (FrameCallback),25,,,未确认-a534,P2,文档第17行已说明本模块接口仅可在Stage模型下使用，第19行说明该API需要配合UIContext中的postFrameCallback或postDelayedFrameCallback使用，并要求开发者继承FrameCallback类及重写onFrame方法；但onFrame自身的方法说明未传递这些使用环境和依赖关系，开发者仅阅读该方法章节时无法获知完整的使用条件。,,在下一帧进行渲染时，该方法将被执行。该方法仅可在Stage模型下使用；开发者需要继承FrameCallback类并重写该方法，配合UIContext的postFrameCallback或postDelayedFrameCallback方法使用。,在下一帧进行渲染时，该方法将被执行。,https://gitcode.com/openharmony_docs_ai/docs_review_platform/blob/main/docs_prompt/12_1_2_4.md,体验,知识点完整,API接口/方法/参数/错误码/权限等完整,验证文档中关于方法/函数的使用建议、注意事项提供完整,是,扫描时arkts-apis-uicontext-framecallback.md原onFrame方法自身未传递Stage模型和注册依赖。,当前库已在文档第27行补充注册依赖，并在第29行下沉Stage模型约束。
12.1.2.5,若使用该方法/函数时有前提条件/前置操作，检查文档中是否有关于调用该方法/函数的的前提条件、前置操作，内容是否包含完整。,arkts-apis-uicontext-framecallback.md,https://gitcode.com/openharmony/docs/blob/master/zh-cn/application-dev/reference/apis-arkui/arkts-apis-uicontext-framecallback.md,onIdle,Class (FrameCallback),81,,,未确认-a535,P2,第19行明确说明相关API需要配合UIContext中的postFrameCallback或postDelayedFrameCallback使用，并要求开发者继承FrameCallback类后重写onFrame或onIdle方法。onIdle的方法说明仅描述回调的执行条件，未说明继承、重写及配合相关UIContext方法使用的前提，方法说明脱离章节上下文后信息不完整。,,开发者需要继承FrameCallback类并重写该方法，然后配合UIContext的postFrameCallback或postDelayedFrameCallback方法使用。在下一帧渲染任务结束后，如果距离下一个VSync信号到来的剩余时间大于1ms，该回调函数将被执行；如果剩余时间小于1ms，回调函数将顺延至某个下一帧的剩余时间大于1ms时执行。如果当前没有下一帧，将自动请求下一帧。,在下一帧渲染任务结束后，如果距离其下个VSync信号到来的剩余时间大于1ms时，该回调函数将被执行；如果剩余时间小于1ms时，回调函数将被顺延至当某个下一帧的剩余时间大于1ms时再执行。如果当前没有下一帧，将自动请求下一帧。,https://gitcode.com/openharmony_docs_ai/docs_review_platform/blob/main/docs_prompt/12_1_2_5.md,体验,知识点完整,API接口/方法/参数/错误码/权限等完整,验证文档中关于方法/函数的使用建议、注意事项提供完整,是,扫描时arkts-apis-uicontext-framecallback.md原onIdle说明缺少继承重写和配合UIContext方法使用的前提。,当前库已在文档第87行补充完整使用前提。
12.1.2.5,若使用该方法/函数时有前提条件/前置操作，检查文档中是否有关于调用该方法/函数的的前提条件、前置操作，内容是否包含完整。,arkts-apis-uicontext-framecallback.md,https://gitcode.com/openharmony/docs/blob/master/zh-cn/application-dev/reference/apis-arkui/arkts-apis-uicontext-framecallback.md,onFrame,Class (FrameCallback),25,,,未确认-a536,P2,第19行明确说明相关API需要配合UIContext中的postFrameCallback或postDelayedFrameCallback使用，并要求开发者继承FrameCallback类后重写onFrame或onIdle方法。onFrame的方法说明仅描述执行时机，未说明继承、重写及配合相关UIContext方法使用的前提，方法说明脱离章节上下文后信息不完整。,,开发者需要继承FrameCallback类并重写该方法，然后配合UIContext的postFrameCallback或postDelayedFrameCallback方法使用；在下一帧进行渲染时，该方法将被执行。,在下一帧进行渲染时，该方法将被执行。,https://gitcode.com/openharmony_docs_ai/docs_review_platform/blob/main/docs_prompt/12_1_2_5.md,体验,知识点完整,API接口/方法/参数/错误码/权限等完整,验证文档中关于方法/函数的使用建议、注意事项提供完整,是,扫描时arkts-apis-uicontext-framecallback.md原onFrame说明缺少继承重写和配合UIContext方法使用的前提。,当前库已在文档第27行补充完整使用前提。
12.2.2.2,若参数有单位，检查文档中是否说明单位。,arkts-apis-uicontext-framecallback.md,https://gitcode.com/openharmony/docs/blob/master/zh-cn/application-dev/reference/apis-arkui/arkts-apis-uicontext-framecallback.md,onFrame,Class (FrameCallback),35,,,未确认-a537,P2,frameTimeInNano 表示下一帧开始执行的时间点，并非时间间隔或持续时间。当前说明虽已标注纳秒单位，但未说明该数值采用的起始时间基准，无法明确其时间戳语义。,,"| frameTimeInNano | number | 是   | 下一帧渲染开始执行的时间，表示从系统启动到该帧开始执行所经过的时间，以纳秒为单位。<br/>取值范围：[0, +∞) |","| frameTimeInNano | number | 是   | 下一帧渲染开始执行的时间，以纳秒为单位。<br/>取值范围：[0, +∞) |",https://gitcode.com/openharmony_docs_ai/docs_review_platform/blob/main/docs_prompt/12_2_2_2.md,体验,知识点完整,API接口/方法/参数/错误码/权限等完整,验证文档中参数的取值说明、使用建议、注意事项提供完整,否,UIContext.d.ts第3929-3930行只定义frameTimeInNano为下一帧开始时间；pipeline_context.cpp第1215、7177-7188行直接把VSync的nanoTimestamp传给回调，未承诺“从系统启动计时”的公共时间基准。,无需按扫描建议补写未经接口保证的起点；保留arkts-apis-uicontext-framecallback.md第39行“由系统回调时传入”的准确说明。
12.3.1.2,检查文档中是否说明返回值的用途。,arkts-apis-uicontext-framecallback.md,https://gitcode.com/openharmony/docs/blob/master/zh-cn/application-dev/reference/apis-arkui/arkts-apis-uicontext-framecallback.md,onIdle,Class (FrameCallback),79,,,未确认-a538,P2,该方法声明返回 void，但文档未提供返回值说明，未明确说明无返回值及该返回形式对应的用途，不符合返回值用途说明要求。,,**返回值：** 无返回值，用于在帧渲染任务结束后的空闲时间执行任务。,onIdle(timeLeftInNano: number): void,https://gitcode.com/openharmony_docs_ai/docs_review_platform/blob/main/docs_prompt/12_3_1_2.md,体验,知识点完整,API接口/方法/参数/错误码/权限等完整,验证返回值及其含义应说明完整,否,arkts-apis-uicontext-framecallback.md第83行签名已明确onIdle返回void；js-template.md第268行规定返回值章节可选、无返回值时可删除，因此无需再增加“无返回值”章节。,无需修改，保留onIdle现有结构，不新增冗余返回值章节。
12.3.1.2,检查文档中是否说明返回值的用途。,arkts-apis-uicontext-framecallback.md,https://gitcode.com/openharmony/docs/blob/master/zh-cn/application-dev/reference/apis-arkui/arkts-apis-uicontext-framecallback.md,onFrame,Class (FrameCallback),23,,,未确认-a539,P2,该方法声明返回 void，但文档未提供返回值说明，未明确说明无返回值及该返回形式对应的用途，不符合返回值用途说明要求。,,**返回值：** 无返回值，用于在下一帧渲染时执行任务。,onFrame(frameTimeInNano: number): void,https://gitcode.com/openharmony_docs_ai/docs_review_platform/blob/main/docs_prompt/12_3_1_2.md,体验,知识点完整,API接口/方法/参数/错误码/权限等完整,验证返回值及其含义应说明完整,否,arkts-apis-uicontext-framecallback.md第23行签名已明确onFrame返回void；js-template.md第268行允许无返回值的方法删除返回值章节。,无需修改，保留onFrame现有结构。
18.1.1.1,验证文档符合风格指南中对清晰、简洁、具体、一致等维度的规范要求。,arkts-apis-uicontext-framecallback.md,https://gitcode.com/openharmony/docs/blob/master/zh-cn/application-dev/reference/apis-arkui/arkts-apis-uicontext-framecallback.md,onIdle,Class (FrameCallback),81,,,未确认-a540,P2,“其下个VSync信号”中的“其”指代不够明确，“某个下一帧的剩余时间”未清晰说明顺延后的触发条件；此外，“如果……大于1ms时”和“如果……小于1ms时”中“如果”与“时”重复搭配，导致句式冗长、不够规范。,,下一帧渲染任务结束后，如果距离下一个VSync信号到来的剩余时间大于1ms，则执行该回调函数；如果剩余时间小于1ms，则将回调函数顺延至某一帧的剩余时间大于1ms时执行。如果当前没有下一帧，将自动请求下一帧。,在下一帧渲染任务结束后，如果距离其下个VSync信号到来的剩余时间大于1ms时，该回调函数将被执行；如果剩余时间小于1ms时，回调函数将被顺延至当某个下一帧的剩余时间大于1ms时再执行。如果当前没有下一帧，将自动请求下一帧。,https://gitcode.com/openharmony_docs_ai/docs_review_platform/blob/main/docs_prompt/18_1_1_1.md,体验,内容规范性,文档语言符合规范,验证文档符合风格指南中对清晰、简洁、具体、一致等维度的规范要求,是,扫描时arkts-apis-uicontext-framecallback.md原onIdle说明存在“如果…时”重复搭配、“其”指代不清和顺延条件冗长。,当前库已重写文档第85行，明确当前时间到下一VSync的剩余时间、1ms阈值、顺延条件和自动请求帧行为。
25.2.1.1,样例代码格式符合规范、风格总体一致（例如大括号位置、单双引号、是否有分号等）。,arkts-apis-uicontext-framecallback.md,https://gitcode.com/openharmony/docs/blob/master/zh-cn/application-dev/reference/apis-arkui/arkts-apis-uicontext-framecallback.md,onIdle,Class (FrameCallback),123,,,未确认-a541,P2,该 ArkTS 示例整体使用单引号，此处却使用双引号包裹字符串字面量，且字符串内容不包含单引号，不符合双引号例外，造成同一文档内代码引号风格不一致。,,"            this.getUIContext().postDelayedFrameCallback(new MyIdleCallback('delayTask'), 5);","            this.getUIContext().postDelayedFrameCallback(new MyIdleCallback(""delayTask""), 5);",https://gitcode.com/openharmony_docs_ai/docs_review_platform/blob/main/docs_prompt/25_2_1_1.md,体验,示例代码可用实用,示例代码规范性,验收示例代码风格统一、规范,是,扫描时arkts-apis-uicontext-framecallback.md原onIdle延迟注册示例混用双引号。,当前库已将文档第131行MyIdleCallback参数统一为单引号包裹的“delayTask”。
25.2.1.1,样例代码格式符合规范、风格总体一致（例如大括号位置、单双引号、是否有分号等）。,arkts-apis-uicontext-framecallback.md,https://gitcode.com/openharmony/docs/blob/master/zh-cn/application-dev/reference/apis-arkui/arkts-apis-uicontext-framecallback.md,onIdle,Class (FrameCallback),119,,,未确认-a542,P2,该 ArkTS 示例整体使用单引号，此处却使用双引号包裹字符串字面量，且字符串内容不包含单引号，不符合双引号例外，造成同一文档内代码引号风格不一致。,,            this.getUIContext().postFrameCallback(new MyIdleCallback('normTask'));,"            this.getUIContext().postFrameCallback(new MyIdleCallback(""normTask""));",https://gitcode.com/openharmony_docs_ai/docs_review_platform/blob/main/docs_prompt/25_2_1_1.md,体验,示例代码可用实用,示例代码规范性,验收示例代码风格统一、规范,是,扫描时arkts-apis-uicontext-framecallback.md原onIdle普通注册示例混用双引号。,当前库已将文档第127行MyIdleCallback参数统一为单引号包裹的“normTask”。
25.2.1.1,样例代码格式符合规范、风格总体一致（例如大括号位置、单双引号、是否有分号等）。,arkts-apis-uicontext-framecallback.md,https://gitcode.com/openharmony/docs/blob/master/zh-cn/application-dev/reference/apis-arkui/arkts-apis-uicontext-framecallback.md,onFrame,Class (FrameCallback),67,,,未确认-a543,P2,该 ArkTS 示例整体使用单引号，此处却使用双引号包裹字符串字面量，且字符串内容不包含单引号，不符合双引号例外，造成同一文档内代码引号风格不一致。,,"            this.getUIContext().postDelayedFrameCallback(new MyFrameCallback('delayTask'), 5);","            this.getUIContext().postDelayedFrameCallback(new MyFrameCallback(""delayTask""), 5);",https://gitcode.com/openharmony_docs_ai/docs_review_platform/blob/main/docs_prompt/25_2_1_1.md,体验,示例代码可用实用,示例代码规范性,验收示例代码风格统一、规范,是,扫描时arkts-apis-uicontext-framecallback.md原onFrame延迟注册示例混用双引号。,当前库已将文档第71行MyFrameCallback参数统一为单引号包裹的“delayTask”。
25.2.1.1,样例代码格式符合规范、风格总体一致（例如大括号位置、单双引号、是否有分号等）。,arkts-apis-uicontext-framecallback.md,https://gitcode.com/openharmony/docs/blob/master/zh-cn/application-dev/reference/apis-arkui/arkts-apis-uicontext-framecallback.md,onFrame,Class (FrameCallback),63,,,未确认-a544,P2,该 ArkTS 示例整体使用单引号，此处却使用双引号包裹字符串字面量，且字符串内容不包含单引号，不符合双引号例外，造成同一文档内代码引号风格不一致。,,            this.getUIContext().postFrameCallback(new MyFrameCallback('normTask'));,"            this.getUIContext().postFrameCallback(new MyFrameCallback(""normTask""));",https://gitcode.com/openharmony_docs_ai/docs_review_platform/blob/main/docs_prompt/25_2_1_1.md,体验,示例代码可用实用,示例代码规范性,验收示例代码风格统一、规范,是,扫描时arkts-apis-uicontext-framecallback.md原onFrame普通注册示例混用双引号。,当前库已将文档第67行MyFrameCallback参数统一为单引号包裹的“normTask”。
0.30.1.2,检测 Markdown 文件中接口、参数等中英文一致性、描述准确性问题。,arkts-apis-uicontext-framecallback.md,https://gitcode.com/openharmony/docs/blob/master/zh-cn/application-dev/reference/apis-arkui/arkts-apis-uicontext-framecallback.md,,Class (FrameCallback),9,,,未确认-a545,P2,FrameCallback类同时包含onFrame和onIdle方法：onFrame用于下一帧渲染阶段，onIdle用于帧渲染任务结束后的空闲阶段。原说明仅提及“下一帧渲染时”，未覆盖onIdle的用途；同时该类用于定义回调行为，而非直接设置任务，因此类说明不够准确、完整。,,用于定义下一帧渲染阶段及帧渲染任务结束后的空闲阶段需要执行的回调任务。,用于设置下一帧渲染时需要执行的任务。,https://gitcode.com/BeicC/docs-prompt/blob/feature_use_local_pr_information/agentic-workflow/skills/terminology-consistency/SKILL.md,,,,,是,扫描时arkts-apis-uicontext-framecallback.md原第9行只覆盖下一帧渲染任务，遗漏onIdle空闲阶段且“设置任务”不准确。,当前库已将文档第9行改为定义帧回调任务，并同时覆盖下一帧渲染阶段和渲染结束后的空闲阶段。
27.1.1.1,每个步骤有清晰的执行主体（who），明确操作目的（why）、操作内容（what/how）、场景（when/where）。使用祈使句描述步骤，避免语句不通/啰嗦冗余/长句影响理解。,arkts-apis-uicontext-framecallback.md,https://gitcode.com/openharmony/docs/blob/master/zh-cn/application-dev/reference/apis-arkui/arkts-apis-uicontext-framecallback.md,onIdle,Class (FrameCallback),81,,,未确认-a546,P2,该句连续使用多个条件和时间结构。“如果……时”重复使用条件标记，“顺延至当某个下一帧……时再执行”存在结构嵌套和表述冗余，导致回调函数立即执行与顺延执行的条件不够清晰。,,在下一帧渲染任务结束后，如果距离下一个VSync信号到来的剩余时间大于1ms，该回调函数将被执行；如果剩余时间小于1ms，回调函数将顺延至后续某一帧的剩余时间大于1ms时执行。如果当前没有下一帧，将自动请求下一帧。,在下一帧渲染任务结束后，如果距离其下个VSync信号到来的剩余时间大于1ms时，该回调函数将被执行；如果剩余时间小于1ms时，回调函数将被顺延至当某个下一帧的剩余时间大于1ms时再执行。如果当前没有下一帧，将自动请求下一帧。,https://gitcode.com/openharmony_docs_ai/docs_review_platform/blob/main/docs_prompt/27_1_1_1.md,体验,内容清晰性,语言描述清晰性,验证文档语言描述清晰，便于理解。,是,扫描时arkts-apis-uicontext-framecallback.md原onIdle句子嵌套多个条件，“如果…时”和“顺延至当…”结构冗余。,当前库已在文档第85行用“若…则…”重写即时执行与顺延执行条件。
27.1.1.2,检查语言无模糊、晦涩抽象或者有歧义的表达。,arkts-apis-uicontext-framecallback.md,https://gitcode.com/openharmony/docs/blob/master/zh-cn/application-dev/reference/apis-arkui/arkts-apis-uicontext-framecallback.md,onIdle,Class (FrameCallback),81,,,未确认-a547,P1,“其下个VSync信号”中的“其”可能指渲染任务、当前帧或下一帧，指代对象不明确；“某个下一帧的剩余时间”也未明确剩余时间的计算基准。此外，“当前没有下一帧”未说明是没有待渲染的下一帧还是尚未请求下一帧。这些表述会影响开发者对onIdle回调触发、顺延及自动请求条件的理解。,,在下一帧渲染任务结束后，如果该帧距离下一个VSync信号到来的剩余时间大于1ms，该回调函数将被执行；如果剩余时间小于1ms，回调函数将被顺延，直至某一帧距离下一个VSync信号到来的剩余时间大于1ms时再执行。如果当前没有待渲染的下一帧，系统将自动请求下一帧。,在下一帧渲染任务结束后，如果距离其下个VSync信号到来的剩余时间大于1ms时，该回调函数将被执行；如果剩余时间小于1ms时，回调函数将被顺延至当某个下一帧的剩余时间大于1ms时再执行。如果当前没有下一帧，将自动请求下一帧。,https://gitcode.com/openharmony_docs_ai/docs_review_platform/blob/main/docs_prompt/27_1_1_2.md,体验,内容清晰性,语言描述清晰性,验证文档语言描述清晰，便于理解。,是,扫描时arkts-apis-uicontext-framecallback.md原“其下个VSync”“某个下一帧”“当前没有下一帧”指代和条件不明确。,当前库已在文档第85行明确为当前时间到下一个VSync的剩余时间，并说明没有已请求的下一帧时系统自动请求一帧。
12.1.1.2,检查文档中清楚地说明了使用场景。,arkts-apis-uicontext-e.md,https://gitcode.com/openharmony/docs/blob/master/zh-cn/application-dev/reference/apis-arkui/arkts-apis-uicontext-e.md,ResolveStrategy,Enums,100,,,未确认-a548,P2,该枚举提供按调用作用域、最近获焦状态、最大实例ID、唯一实例和最近前台状态等条件解析UIContext的多种策略，但文档仅说明各策略返回哪个UIContext，未说明在多UI实例、焦点切换或前后台切换等场景下应如何选择，缺少策略适用场景说明。,,UIContext对象的解析策略，可用于在多UI实例、焦点切换或前后台切换等场景下选择目标UIContext。,UIContext对象的解析策略。,https://gitcode.com/openharmony_docs_ai/docs_review_platform/blob/main/docs_prompt/12_1_1_2.md,体验,知识点完整,API接口/方法/参数/错误码/权限等完整,验证文档中关于方法/函数的含义/功能、使用场景、使用效果提供完整,否,js-template.md第391-399行只要求给出枚举类型的简要描述，arkts-apis-uicontext-e.md第110行“UIContext对象的解析策略”已满足；具体优先级已在arkts-apis-uicontext-uicontext.md第340-352行说明，枚举值含义也见arkts-apis-uicontext-e.md第120-125行。,无需修改，保留arkts-apis-uicontext-e.md第110行；不把resolveUIContext自动返回的解析策略误写成需要开发者主动选择的策略。
0.30.1.7,检测 Markdown 文件中的Markdown语法规范问题,arkts-apis-uicontext-framecallback.md,https://gitcode.com/openharmony/docs/blob/master/zh-cn/application-dev/reference/apis-arkui/arkts-apis-uicontext-framecallback.md,onIdle,Class (FrameCallback),91,,,未确认-a549,P2,该行使用了规则明确判定为错误写法的 `<br/>` 换行标签，应统一改为 `<br>`。,,"| timeLeftInNano | number | 是   | 这一帧剩余的空闲时间，以纳秒为单位。<br>取值范围：[0, +∞) |","| timeLeftInNano | number | 是   | 这一帧剩余的空闲时间，以纳秒为单位。<br/>取值范围：[0, +∞) |",https://gitcode.com/BeicC/docs-prompt/blob/feature_use_local_pr_information/agentic-workflow/skills/markdown/SKILL.md,,,,,是,扫描时arkts-apis-uicontext-framecallback.md原timeLeftInNano参数使用“<br/>”，与js-template.md第245行规定的“<br>”不一致。,当前库已将文档第99行换行标签改为“<br>”。
0.30.1.7,检测 Markdown 文件中的Markdown语法规范问题,arkts-apis-uicontext-framecallback.md,https://gitcode.com/openharmony/docs/blob/master/zh-cn/application-dev/reference/apis-arkui/arkts-apis-uicontext-framecallback.md,onFrame,Class (FrameCallback),35,,,未确认-a550,P2,该行使用了规则明确判定为错误写法的 `<br/>` 换行标签，应统一改为 `<br>`。,,"| frameTimeInNano | number | 是   | 下一帧渲染开始执行的时间，以纳秒为单位。<br>取值范围：[0, +∞) |","| frameTimeInNano | number | 是   | 下一帧渲染开始执行的时间，以纳秒为单位。<br/>取值范围：[0, +∞) |",https://gitcode.com/BeicC/docs-prompt/blob/feature_use_local_pr_information/agentic-workflow/skills/markdown/SKILL.md,,,,,是,扫描时arkts-apis-uicontext-framecallback.md原frameTimeInNano参数使用“<br/>”，与js-template.md第245行规定不一致。,当前库已将文档第39行换行标签改为“<br>”。
11.1.1.1,检查文档中提供的功能场景、特点描述是否全面，能解决哪些问题以及带来的收益是否完整。,arkts-apis-uicontext-e.md,https://gitcode.com/openharmony/docs/blob/master/zh-cn/application-dev/reference/apis-arkui/arkts-apis-uicontext-e.md,,Enums,1,,,未确认-a551,P2,一级标题后缺少文档整体概述，未说明本文收录的枚举类型及其总体能力范围，读者无法在查看具体枚举前了解该模块提供哪些配置或状态定义。该缺失属于规则明确覆盖的文档开头模块级总体描述问题。,,"# Enums

本文介绍ArkUI提供的枚举类型，涵盖键盘避让、动态帧率场景、节点渲染状态、手势处理、UIContext解析、自定义键盘切换及文本选择清除等能力，用于在相关API中指定行为模式、场景类型或状态。",# Enums,https://gitcode.com/openharmony_docs_ai/docs_review_platform/blob/main/docs_prompt/11_1_1_1.md,体验,知识点完整,概念/功能/原理/场景描述完整,验证模块的定义、功能、使用场景、用法用途完整无缺失,是,扫描时arkts-apis-uicontext-e.md一级标题后直接进入枚举，缺少js-template.md第128-138行要求的模块总体能力说明。,当前库已在文档第10行补充UIContext相关枚举的整体范围和配置场景。
18.1.1.1,验证文档符合风格指南中对清晰、简洁、具体、一致等维度的规范要求。,arkts-apis-uicontext-e.md,https://gitcode.com/openharmony/docs/blob/master/zh-cn/application-dev/reference/apis-arkui/arkts-apis-uicontext-e.md,NodeRenderState,Enums,65,,,未确认-a552,P2,相邻两句重复使用“一般”和“一般情况下”，且“会被渲染并不等同于一定可见”表述拖沓。在不改变“渲染不代表一定可见”这一含义的前提下，可以精简表述。,,| ABOUT_TO_RENDER_IN | 0 | 该节点已挂载到渲染树上，通常会在下一帧被渲染并可见，但被渲染不等同于一定可见。 |,| ABOUT_TO_RENDER_IN | 0 | 该节点已挂载到渲染树上，一般将会在下一帧被渲染。一般情况下可被看见，但会被渲染并不等同于一定可见。 |,https://gitcode.com/openharmony_docs_ai/docs_review_platform/blob/main/docs_prompt/18_1_1_1.md,体验,内容规范性,文档语言符合规范,验证文档符合风格指南中对清晰、简洁、具体、一致等维度的规范要求,是,扫描时arkts-apis-uicontext-e.md原ABOUT_TO_RENDER_IN说明重复使用“一般”，且“会被渲染并不等同于一定可见”表述拖沓。,当前库已将文档第71行精简为通常下一帧渲染并对用户可见，同时保留“被渲染不代表一定可见”的边界说明。
