ID,规则编号,规则名称,文档名称,文档地址,API名称,所属父类,问题位置（行号）,问题状态,严重程度,Kit名称,开发责任人,测试责任人,问题描述,备注,修改建议,问题原文,规则提示词,质量维度,一级指标,二级指标,评估内容（测试点）,是否是问题,原因,修改方案
cmramc9ri0r9lh67bhy42u06e,12.1.2.4,若使用该方法/函数时对环境有要求，检查文档中关于环境的要求描述完整。,js-apis-arkui-UIContext-sys.md,https://gitcode.com/openharmony/docs/blob/master/zh-cn/application-dev/reference/apis-arkui/js-apis-arkui-UIContext-sys.md,clearResourceCache,UIContext,396,未确认,P2,ArkUI,,,clearResourceCache 方法原文存在且行号正确。文档第15行已明确本模块接口仅可在Stage模型下使用，但该方法自身描述未说明该环境要求。该结论不依赖常识推断，而是基于文档已给出的全局限制。,,清除跨模块（[HSP](../../quick-start/in-app-hsp.md)包）访问资源时生成的资源对象缓存。此接口仅可在Stage模型下使用。清除缓存后，下次访问该模块资源的加载时间会增加。,清除跨模块（[HSP](../../quick-start/in-app-hsp.md)包）访问资源时生成的资源对象缓存。清除缓存后，下次访问该模块资源的加载时间会增加。,https://gitcode.com/openharmony_docs_ai/docs_review_platform/blob/main/docs_prompt/12_1_2_4.md,体验,知识点完整,API接口/方法/参数/错误码/权限等完整,验证文档中关于方法/函数的使用建议、注意事项提供完整,非本组,用户指定clearResourceCache小节不在本组处理范围；zh-cn/application-dev/reference/apis-arkui/js-apis-arkui-UIContext-sys.md第414行说明保持原文，不补充模型约束。,撤销本组对zh-cn/application-dev/reference/apis-arkui/js-apis-arkui-UIContext-sys.md第414行附近clearResourceCache说明和模型约束的修改，保持原样。
cmramc9qy0r9jh67b1e7liug8,12.1.2.4,若使用该方法/函数时对环境有要求，检查文档中关于环境的要求描述完整。,js-apis-arkui-UIContext-sys.md,https://gitcode.com/openharmony/docs/blob/master/zh-cn/application-dev/reference/apis-arkui/js-apis-arkui-UIContext-sys.md,freezeUINode,UIContext,194,未确认,P2,ArkUI,,,"freezeUINode(uniqueId: number, isFrozen: boolean) 方法原文存在且行号正确。文档第15行已说明本模块接口仅可在Stage模型下使用，该重载方法自身未说明该环境要求。由于另一 freezeUINode 重载也同样未说明Stage模型限制，本问题不属于同类重载间不一致，而属于上下文要求未在方法说明中传递完整。",,通过uniqueId设置组件的冻结状态，防止组件被标记为脏从而触发布局更新。此接口仅可在Stage模型下使用。,通过uniqueId设置组件的冻结状态，防止组件被标记为脏从而触发布局更新。,https://gitcode.com/openharmony_docs_ai/docs_review_platform/blob/main/docs_prompt/12_1_2_4.md,体验,知识点完整,API接口/方法/参数/错误码/权限等完整,验证文档中关于方法/函数的使用建议、注意事项提供完整,是,文档原第194行freezeUINode(uniqueId)方法说明未写明模型约束；配套接口文件interface/sdk-js/zh-cn/api/@ohos.arkui.UIContext.d.ts第5785-5796行声明该重载带@stagemodelonly。,在zh-cn/application-dev/reference/apis-arkui/js-apis-arkui-UIContext-sys.md第202行补充“**模型约束：** 此接口仅可在Stage模型下使用。”
cmramc9qp0r9ih67bn35en6ef,12.1.2.4,若使用该方法/函数时对环境有要求，检查文档中关于环境的要求描述完整。,js-apis-arkui-UIContext-sys.md,https://gitcode.com/openharmony/docs/blob/master/zh-cn/application-dev/reference/apis-arkui/js-apis-arkui-UIContext-sys.md,freezeUINode,UIContext,74,未确认,P2,ArkUI,,,"freezeUINode(id: string, isFrozen: boolean) 方法原文存在且行号正确。文档第15行已给出本模块仅可在Stage模型下使用的全局环境要求，该方法自身说明未体现该限制。两个 freezeUINode 重载均未写明该限制，不构成同类重载之间的信息不对称；但仍属于上下文已有环境要求、方法说明未传递完整的问题。",,通过id设置组件冻结状态，防止组件被标记为脏从而触发布局更新。此接口仅可在Stage模型下使用。,通过id设置组件冻结状态，防止组件被标记为脏从而触发布局更新。,https://gitcode.com/openharmony_docs_ai/docs_review_platform/blob/main/docs_prompt/12_1_2_4.md,体验,知识点完整,API接口/方法/参数/错误码/权限等完整,验证文档中关于方法/函数的使用建议、注意事项提供完整,是,文档原第74行freezeUINode(id)方法说明未写明模型约束；配套接口文件interface/sdk-js/zh-cn/api/@ohos.arkui.UIContext.d.ts第5772-5783行声明该重载带@stagemodelonly。,在zh-cn/application-dev/reference/apis-arkui/js-apis-arkui-UIContext-sys.md第80行补充“**模型约束：** 此接口仅可在Stage模型下使用。”
cmramc9tb0r9sh67ba6oufobh,12.1.1.2,检查文档中清楚地说明了使用场景。,js-apis-arkui-UIContext-sys.md,https://gitcode.com/openharmony/docs/blob/master/zh-cn/application-dev/reference/apis-arkui/js-apis-arkui-UIContext-sys.md,clearResourceCache,UIContext,396,未确认,P2,ArkUI,,,该句说明了清除缓存的对象及调用后的影响，但未说明开发者在什么情况下需要主动清除资源对象缓存，缺少使用场景说明。,,清除跨模块（[HSP](../../quick-start/in-app-hsp.md)包）访问资源时生成的资源对象缓存，适用于跨模块资源更新后需要释放旧缓存或降低资源缓存占用的场景。清除缓存后，下次访问该模块资源的加载时间会增加。,清除跨模块（[HSP](../../quick-start/in-app-hsp.md)包）访问资源时生成的资源对象缓存。清除缓存后，下次访问该模块资源的加载时间会增加。,https://gitcode.com/openharmony_docs_ai/docs_review_platform/blob/main/docs_prompt/12_1_1_2.md,体验,知识点完整,API接口/方法/参数/错误码/权限等完整,验证文档中关于方法/函数的含义/功能、使用场景、使用效果提供完整,非本组,用户指定clearResourceCache小节不在本组处理范围；zh-cn/application-dev/reference/apis-arkui/js-apis-arkui-UIContext-sys.md第414行功能说明保持原文，不补充使用场景。,撤销本组对zh-cn/application-dev/reference/apis-arkui/js-apis-arkui-UIContext-sys.md第414行clearResourceCache说明的场景补充，保持原样。
cmramc9uh0r9wh67b0b1u2zm9,11.1.1.1,检查文档中提供的功能场景、特点描述是否全面，能解决哪些问题以及带来的收益是否完整。,js-apis-arkui-UIContext-sys.md,https://gitcode.com/openharmony/docs/blob/master/zh-cn/application-dev/reference/apis-arkui/js-apis-arkui-UIContext-sys.md,,,9,未确认,P2,ArkUI,,,该句位于文档标题后的模块级概述段落，属于本规则检查范围。原文说明了UI实例与窗口关联、上下文追踪失败等背景问题，但未直接说明UIContext模块提供的核心能力、解决的问题和使用收益，导致模块级功能场景描述不够完整。,,在Stage模型中，WindowStage/Window可以通过loadContent接口加载页面并创建UI的实例，并将页面内容渲染到关联的窗口中，所以UI实例和窗口是一一关联的。一些全局的UI接口是和具体UI实例的执行上下文相关的，在当前接口调用时，通过追溯调用链跟踪到UI的上下文，来确定具体的UI实例。若在非UI页面中或者一些异步回调中调用这类接口，可能无法跟踪到当前UI的上下文，导致接口执行失败；UIContext用于获取与具体UI实例关联的上下文，使开发者可在对应UI实例上调用上下文相关的UI接口。,在Stage模型中，WindowStage/Window可以通过loadContent接口加载页面并创建UI的实例，并将页面内容渲染到关联的窗口中，所以UI实例和窗口是一一关联的。一些全局的UI接口是和具体UI实例的执行上下文相关的，在当前接口调用时，通过追溯调用链跟踪到UI的上下文，来确定具体的UI实例。若在非UI页面中或者一些异步回调中调用这类接口，可能无法跟踪到当前UI的上下文，导致接口执行失败。,https://gitcode.com/openharmony_docs_ai/docs_review_platform/blob/main/docs_prompt/11_1_1_1.md,体验,知识点完整,概念/功能/原理/场景描述完整,验证模块的定义、功能、使用场景、用法用途完整无缺失,是,文档原第9行只说明UI上下文追溯失败背景，未直接说明UIContext可解决的问题和收益；配套接口文件interface/sdk-js/zh-cn/api/@ohos.arkui.UIContext.d.ts第4450行定义UIContext类，第4468-4483行说明可获取当前调用作用域的UIContext。,在zh-cn/application-dev/reference/apis-arkui/js-apis-arkui-UIContext-sys.md第11行新增一段“UIContext用于获取与具体UI实例关联的上下文，使开发者可在对应UI实例上调用上下文相关的UI接口。”
cmramc9sl0r9ph67bokqetbmx,12.1.2.2,若方法/函数存在缺省配置，检查文档中已清楚地描述了使用缺省值的场景或取值逻辑。,js-apis-arkui-UIContext-sys.md,https://gitcode.com/openharmony/docs/blob/master/zh-cn/application-dev/reference/apis-arkui/js-apis-arkui-UIContext-sys.md,freezeUINode,UIContext,207,未确认,P2,ArkUI,,,该参数说明明确给出了“默认值为false”的缺省配置，但仅说明默认取值，未说明该默认值在何种调用场景下生效或取值逻辑；尤其该参数同时标记为必填，单独写“默认值为false”不足以让用户理解缺省配置如何使用，不符合规则要求。,,| isFrozen | boolean | 是 | 是否设置冻结。<br/>true表示设置冻结，false表示设置不冻结。<br/>默认值为false，需补充该默认值的生效场景或取值逻辑。|,| isFrozen | boolean | 是 | 是否设置冻结。<br/>true表示设置冻结，false表示设置不冻结。<br/>默认值为false。|,https://gitcode.com/openharmony_docs_ai/docs_review_platform/blob/main/docs_prompt/12_1_2_2.md,体验,知识点完整,API接口/方法/参数/错误码/权限等完整,验证文档中关于方法/函数的使用建议、注意事项提供完整,否,配套接口文件interface/sdk-js/zh-cn/api/@ohos.arkui.UIContext.d.ts第5789行明确写明freezeUINode(uniqueId)的isFrozen参数“默认值为false”；文档原第207行与接口一致，不应删除该默认值说明。,无需修改zh-cn/application-dev/reference/apis-arkui/js-apis-arkui-UIContext-sys.md中freezeUINode(uniqueId)的isFrozen参数默认值说明，保留“<br/>默认值为false。”。
cmramc9sb0r9oh67bt3hrpr9t,12.1.2.2,若方法/函数存在缺省配置，检查文档中已清楚地描述了使用缺省值的场景或取值逻辑。,js-apis-arkui-UIContext-sys.md,https://gitcode.com/openharmony/docs/blob/master/zh-cn/application-dev/reference/apis-arkui/js-apis-arkui-UIContext-sys.md,freezeUINode,UIContext,87,未确认,P2,ArkUI,,,该参数说明明确给出了“默认值为false”的缺省配置，但仅说明默认取值，未说明该默认值在何种调用场景下生效或取值逻辑；尤其该参数同时标记为必填，单独写“默认值为false”不足以让用户理解缺省配置如何使用，不符合规则要求。,,| isFrozen | boolean | 是 | 是否设置冻结。<br/>true表示设置冻结，false表示设置不冻结。<br/>默认值为false，需补充该默认值的生效场景或取值逻辑。|,| isFrozen | boolean | 是 | 是否设置冻结。<br/>true表示设置冻结，false表示设置不冻结。<br/>默认值为false。|,https://gitcode.com/openharmony_docs_ai/docs_review_platform/blob/main/docs_prompt/12_1_2_2.md,体验,知识点完整,API接口/方法/参数/错误码/权限等完整,验证文档中关于方法/函数的使用建议、注意事项提供完整,否,配套接口文件interface/sdk-js/zh-cn/api/@ohos.arkui.UIContext.d.ts第5776行明确写明freezeUINode(id)的isFrozen参数“默认值为false”；文档原第87行与接口一致，不应删除该默认值说明。,无需修改zh-cn/application-dev/reference/apis-arkui/js-apis-arkui-UIContext-sys.md中freezeUINode(id)的isFrozen参数默认值说明，保留“<br/>默认值为false。”。
cmramc9m10r90h67bjqz1qgo8,12.4.1.1,检查接口可能返回的错误码，在对应接口处是否全部说明（包含错误码ID和错误码信息），每个接口的错误码均包含在错误码汇总表中，且错误码汇总表中的错误码均能找到是哪个接口返回的。,js-apis-arkui-UIContext-sys.md,https://gitcode.com/openharmony/docs/blob/master/zh-cn/application-dev/reference/apis-arkui/js-apis-arkui-UIContext-sys.md,clearResourceCache,UIContext,394,未确认,P1,ArkUI,,,clearResourceCache() 声明为系统接口，但对应接口处未提供错误码说明，缺少非系统应用调用时可能返回的 202 错误码及错误信息，不符合接口错误码应在对应接口处完整说明的要求。,,"在该接口的“系统接口”或“系统能力”说明后补充：

**错误码：**

以下错误码详情请参考[通用错误码](../errorcode-universal.md)。

| 错误码ID | 错误信息 |
| -------- | -------- |
| 202 | The caller is not a system application. |",clearResourceCache(): void,https://gitcode.com/openharmony_docs_ai/docs_review_platform/blob/main/docs_prompt/12_4_1_1.md,体验,知识点完整,API接口/方法/参数/错误码/权限等完整,验证文档中列举出了所有可能出现的错误码，且错误可能原因、处理步骤完整,非本组,用户指定clearResourceCache小节不在本组处理范围；zh-cn/application-dev/reference/apis-arkui/js-apis-arkui-UIContext-sys.md第410-430行不新增错误码块。,撤销本组在zh-cn/application-dev/reference/apis-arkui/js-apis-arkui-UIContext-sys.md第410-430行clearResourceCache小节新增的错误码说明，保持原样。
cmramc9l10r8wh67bnwtuhveo,14.2.1.1,检查文档中关于业务原理、基本概念说明全文保持一致，无描述错误、无前后矛盾。,js-apis-arkui-UIContext-sys.md,https://gitcode.com/openharmony/docs/blob/master/zh-cn/application-dev/reference/apis-arkui/js-apis-arkui-UIContext-sys.md,freezeUINode,UIContext,207,未确认,P2,ArkUI,,,参数表标明 isFrozen 为必填参数，接口签名中该参数也不是可选参数，但说明中又给出“默认值为false”。必填参数通常不能省略，因此默认值描述与参数必填性存在概念不一致。,,| isFrozen | boolean | 是 | 是否设置冻结。<br/>true表示设置冻结，false表示设置不冻结。|,| isFrozen | boolean | 是 | 是否设置冻结。<br/>true表示设置冻结，false表示设置不冻结。<br/>默认值为false。|,https://gitcode.com/openharmony_docs_ai/docs_review_platform/blob/main/docs_prompt/14_2_1_1.md,质量,内容准确实时,功能描述正确,验证文档中业务原理描述与实际功能实现一致，概念全文统一,否,配套接口文件interface/sdk-js/zh-cn/api/@ohos.arkui.UIContext.d.ts第5789行明确写明freezeUINode(uniqueId)的isFrozen参数“默认值为false”；文档原第207行与接口一致，不能仅依据参数必填判定为文档前后矛盾。,无需修改zh-cn/application-dev/reference/apis-arkui/js-apis-arkui-UIContext-sys.md中freezeUINode(uniqueId)的isFrozen参数默认值说明。
cmramc9kr0r8vh67bxqwynkxj,14.2.1.1,检查文档中关于业务原理、基本概念说明全文保持一致，无描述错误、无前后矛盾。,js-apis-arkui-UIContext-sys.md,https://gitcode.com/openharmony/docs/blob/master/zh-cn/application-dev/reference/apis-arkui/js-apis-arkui-UIContext-sys.md,freezeUINode,UIContext,87,未确认,P2,ArkUI,,,参数表标明 isFrozen 为必填参数，接口签名中该参数也不是可选参数，但说明中又给出“默认值为false”。必填参数通常不能省略，因此默认值描述与参数必填性存在概念不一致。,,| isFrozen | boolean | 是 | 是否设置冻结。<br/>true表示设置冻结，false表示设置不冻结。|,| isFrozen | boolean | 是 | 是否设置冻结。<br/>true表示设置冻结，false表示设置不冻结。<br/>默认值为false。|,https://gitcode.com/openharmony_docs_ai/docs_review_platform/blob/main/docs_prompt/14_2_1_1.md,质量,内容准确实时,功能描述正确,验证文档中业务原理描述与实际功能实现一致，概念全文统一,否,配套接口文件interface/sdk-js/zh-cn/api/@ohos.arkui.UIContext.d.ts第5776行明确写明freezeUINode(id)的isFrozen参数“默认值为false”；文档原第87行与接口一致，不能仅依据参数必填判定为文档前后矛盾。,无需修改zh-cn/application-dev/reference/apis-arkui/js-apis-arkui-UIContext-sys.md中freezeUINode(id)的isFrozen参数默认值说明。
cmramc9du0r83h67b80n4741h,25.2.1.1,样例代码格式符合规范、风格总体一致（例如大括号位置、单双引号、是否有分号等）。,js-apis-arkui-UIContext-sys.md,https://gitcode.com/openharmony/docs/blob/master/zh-cn/application-dev/reference/apis-arkui/js-apis-arkui-UIContext-sys.md,clearResourceCache,UIContext,412,未确认,P1,ArkUI,,,该行函数调用语句未以分号结尾。,,this.getUIContext().clearResourceCache();,this.getUIContext().clearResourceCache(),https://gitcode.com/openharmony_docs_ai/docs_review_platform/blob/main/docs_prompt/25_2_1_1.md,体验,示例代码可用实用,示例代码规范性,验收示例代码风格统一、规范,非本组,用户指定clearResourceCache小节不在本组处理范围；zh-cn/application-dev/reference/apis-arkui/js-apis-arkui-UIContext-sys.md第430行示例调用保持原文this.getUIContext().clearResourceCache()。,撤销本组对zh-cn/application-dev/reference/apis-arkui/js-apis-arkui-UIContext-sys.md第430行示例调用分号的修改，保持原样。
cmramc9dk0r82h67bjamptu88,25.2.1.1,样例代码格式符合规范、风格总体一致（例如大括号位置、单双引号、是否有分号等）。,js-apis-arkui-UIContext-sys.md,https://gitcode.com/openharmony/docs/blob/master/zh-cn/application-dev/reference/apis-arkui/js-apis-arkui-UIContext-sys.md,clearResourceCache,UIContext,410,未确认,P2,ArkUI,,,该行字符串字面量使用双引号，与文档内ArkTS示例代码主流单引号风格不一致。,,Button('clearResourceCache'),"Button(""clearResourceCache"")",https://gitcode.com/openharmony_docs_ai/docs_review_platform/blob/main/docs_prompt/25_2_1_1.md,体验,示例代码可用实用,示例代码规范性,验收示例代码风格统一、规范,非本组,"用户指定clearResourceCache小节不在本组处理范围；zh-cn/application-dev/reference/apis-arkui/js-apis-arkui-UIContext-sys.md第428行Button(""clearResourceCache"")保持原文。",撤销本组对zh-cn/application-dev/reference/apis-arkui/js-apis-arkui-UIContext-sys.md第428行Button字符串引号的修改，保持原样。
cmramc9cp0r7zh67b8sh91e5j,25.2.1.1,样例代码格式符合规范、风格总体一致（例如大括号位置、单双引号、是否有分号等）。,js-apis-arkui-UIContext-sys.md,https://gitcode.com/openharmony/docs/blob/master/zh-cn/application-dev/reference/apis-arkui/js-apis-arkui-UIContext-sys.md,freezeUINode,UIContext,284,未确认,P1,ArkUI,,,该行是`setTimeout`函数调用语句的闭合行，未以分号结尾。,,"}, 5000);","}, 5000)",https://gitcode.com/openharmony_docs_ai/docs_review_platform/blob/main/docs_prompt/25_2_1_1.md,体验,示例代码可用实用,示例代码规范性,验收示例代码风格统一、规范,是,文档原第284行setTimeout闭合语句缺少分号，与同代码块内第250行、第277行等函数调用语句风格不一致。,"将zh-cn/application-dev/reference/apis-arkui/js-apis-arkui-UIContext-sys.md第295行改为}, 5000);。"
cmramc9ch0r7yh67by3x6lxvu,25.2.1.1,样例代码格式符合规范、风格总体一致（例如大括号位置、单双引号、是否有分号等）。,js-apis-arkui-UIContext-sys.md,https://gitcode.com/openharmony/docs/blob/master/zh-cn/application-dev/reference/apis-arkui/js-apis-arkui-UIContext-sys.md,freezeUINode,UIContext,252,未确认,P1,ArkUI,,,该行函数调用语句未以分号结尾。,,"this.getUIContext().freezeUINode(uniqueId, false);","this.getUIContext().freezeUINode(uniqueId, false)",https://gitcode.com/openharmony_docs_ai/docs_review_platform/blob/main/docs_prompt/25_2_1_1.md,体验,示例代码可用实用,示例代码规范性,验收示例代码风格统一、规范,是,"文档原第252行this.getUIContext().freezeUINode(uniqueId, false)缺少分号，与同文件第250行、第277行等调用语句风格不一致。","将zh-cn/application-dev/reference/apis-arkui/js-apis-arkui-UIContext-sys.md第259行改为this.getUIContext().freezeUINode(uniqueId, false);。"
cmramc9c90r7xh67bn818blwy,25.2.1.1,样例代码格式符合规范、风格总体一致（例如大括号位置、单双引号、是否有分号等）。,js-apis-arkui-UIContext-sys.md,https://gitcode.com/openharmony/docs/blob/master/zh-cn/application-dev/reference/apis-arkui/js-apis-arkui-UIContext-sys.md,freezeUINode,UIContext,152,未确认,P1,ArkUI,,,该行是`setTimeout`函数调用语句的闭合行，未以分号结尾。,,"}, 5000);","}, 5000)",https://gitcode.com/openharmony_docs_ai/docs_review_platform/blob/main/docs_prompt/25_2_1_1.md,体验,示例代码可用实用,示例代码规范性,验收示例代码风格统一、规范,是,文档原第152行setTimeout闭合语句缺少分号，与同代码块内第124行、第128行等函数调用语句风格不一致。,"将zh-cn/application-dev/reference/apis-arkui/js-apis-arkui-UIContext-sys.md第154行改为}, 5000);。"
cmramc9je0r8ph67bz5mszbt9,18.1.1.1,验证文档符合风格指南中对清晰、简洁、具体、一致等维度的规范要求。,js-apis-arkui-UIContext-sys.md,https://gitcode.com/openharmony/docs/blob/master/zh-cn/application-dev/reference/apis-arkui/js-apis-arkui-UIContext-sys.md,freezeUINode,UIContext,196,未确认,P3,ArkUI,,,同一文档中同类字段使用“**原子化服务API：**”格式，此处使用英文冒号；“API version 18 开始”中数字与“开始”之间的空格也与后文同类表述不一致。,,**原子化服务API：** 从API version 18开始，该接口支持在原子化服务中使用。,**原子化服务API:** 从API version 18 开始，该接口支持在原子化服务中使用。,https://gitcode.com/openharmony_docs_ai/docs_review_platform/blob/main/docs_prompt/18_1_1_1.md,体验,内容规范性,文档语言符合规范,验证文档符合风格指南中对清晰、简洁、具体、一致等维度的规范要求,是,文档原第196行“**原子化服务API:** 从API version 18 开始”使用英文冒号且“18 开始”多空格；同文件第198行应与仓内zh-cn/application-dev/reference/apis-arkui/js-apis-postCardAction.md第23行的“**原子化服务API：** 从API version 11开始”格式一致。,将zh-cn/application-dev/reference/apis-arkui/js-apis-arkui-UIContext-sys.md第198行改为“**原子化服务API：** 从API version 18开始，该接口支持在原子化服务中使用。”
cmramc9j50r8oh67b1dzd09sw,18.1.1.1,验证文档符合风格指南中对清晰、简洁、具体、一致等维度的规范要求。,js-apis-arkui-UIContext-sys.md,https://gitcode.com/openharmony/docs/blob/master/zh-cn/application-dev/reference/apis-arkui/js-apis-arkui-UIContext-sys.md,freezeUINode,UIContext,76,未确认,P3,ArkUI,,,同一文档中同类字段使用“**原子化服务API：**”格式，此处使用英文冒号；“API version 18 开始”中数字与“开始”之间的空格也与后文同类表述不一致。,,**原子化服务API：** 从API version 18开始，该接口支持在原子化服务中使用。,**原子化服务API:** 从API version 18 开始，该接口支持在原子化服务中使用。,https://gitcode.com/openharmony_docs_ai/docs_review_platform/blob/main/docs_prompt/18_1_1_1.md,体验,内容规范性,文档语言符合规范,验证文档符合风格指南中对清晰、简洁、具体、一致等维度的规范要求,是,文档原第76行“**原子化服务API:** 从API version 18 开始”使用英文冒号且“18 开始”多空格；同文件第76行应与仓内zh-cn/application-dev/reference/apis-arkui/js-apis-postCardAction.md第23行的“**原子化服务API：** 从API version 11开始”格式一致。,将zh-cn/application-dev/reference/apis-arkui/js-apis-arkui-UIContext-sys.md第76行改为“**原子化服务API：** 从API version 18开始，该接口支持在原子化服务中使用。”
cmramc9i10r8kh67bpoxya1cl,23.1.1.1,示例代码片段根据提示进行配置，或进行少量修改，放入上下文可在IDE中可正常编译，无报错和告警（因示例代码片段缺少定义，若有对应注释说明可忽略），运行后结果与描述/示意图一致性，不能出现crash、界面白屏/黑屏现象。,js-apis-arkui-UIContext-sys.md,https://gitcode.com/openharmony/docs/blob/master/zh-cn/application-dev/reference/apis-arkui/js-apis-arkui-UIContext-sys.md,freezeUINode,UIContext,307,未确认,P1,ArkUI,,,"该示例中 uniqueId 由上一行的 node?.getUniqueId() 获取，静态类型可能为 number | undefined；而当前重载 freezeUINode(uniqueId: number, isFrozen: boolean) 的第一个参数要求为 number。直接传入可能为 undefined 的变量，可能导致 IDE 类型检查报错，不符合示例代码应可正常编译的要求。",,"if (uniqueId !== undefined) { this.getUIContext().freezeUINode(uniqueId, false); }","this.getUIContext().freezeUINode(uniqueId, false);",https://gitcode.com/openharmony_docs_ai/docs_review_platform/blob/main/docs_prompt/23_1_1_1.md,质量,示例代码可用实用,示例代码可用性,验证文档中提供的示例代码片段语法和逻辑正确，编译运行无报错和告警,是,文档原第304-307行通过node?.getUniqueId()得到uniqueId后直接调用freezeUINode；配套接口文件interface/sdk-js/zh-cn/api/@ohos.arkui.UIContext.d.ts第5154行表明getFrameNodeById返回FrameNode | null，interface/sdk-js/zh-cn/api/arkui/FrameNode.d.ts第832行表明getUniqueId返回number，interface/sdk-js/zh-cn/api/@ohos.arkui.UIContext.d.ts第5796行要求uniqueId为number。,"在zh-cn/application-dev/reference/apis-arkui/js-apis-arkui-UIContext-sys.md第318-322行先判断node !== null，再调用node.getUniqueId()和freezeUINode(uniqueId, false)。"
cmramc9hu0r8jh67bmv61okpc,23.1.1.1,示例代码片段根据提示进行配置，或进行少量修改，放入上下文可在IDE中可正常编译，无报错和告警（因示例代码片段缺少定义，若有对应注释说明可忽略），运行后结果与描述/示意图一致性，不能出现crash、界面白屏/黑屏现象。,js-apis-arkui-UIContext-sys.md,https://gitcode.com/openharmony/docs/blob/master/zh-cn/application-dev/reference/apis-arkui/js-apis-arkui-UIContext-sys.md,freezeUINode,UIContext,300,未确认,P1,ArkUI,,,"该示例中 uniqueId 由上一行的 node?.getUniqueId() 获取，静态类型可能为 number | undefined；而当前重载 freezeUINode(uniqueId: number, isFrozen: boolean) 的第一个参数要求为 number。直接传入可能为 undefined 的变量，可能导致 IDE 类型检查报错，不符合示例代码应可正常编译的要求。",,"if (uniqueId !== undefined) { this.getUIContext().freezeUINode(uniqueId, true); }","this.getUIContext().freezeUINode(uniqueId, true);",https://gitcode.com/openharmony_docs_ai/docs_review_platform/blob/main/docs_prompt/23_1_1_1.md,质量,示例代码可用实用,示例代码可用性,验证文档中提供的示例代码片段语法和逻辑正确，编译运行无报错和告警,是,文档原第297-300行通过node?.getUniqueId()得到uniqueId后直接调用freezeUINode；配套接口文件interface/sdk-js/zh-cn/api/@ohos.arkui.UIContext.d.ts第5154行表明getFrameNodeById返回FrameNode | null，interface/sdk-js/zh-cn/api/arkui/FrameNode.d.ts第832行表明getUniqueId返回number，interface/sdk-js/zh-cn/api/@ohos.arkui.UIContext.d.ts第5796行要求uniqueId为number。,"在zh-cn/application-dev/reference/apis-arkui/js-apis-arkui-UIContext-sys.md第309-313行先判断node !== null，再调用node.getUniqueId()和freezeUINode(uniqueId, true)。"
cmramc9hl0r8ih67bvhjz2ca7,23.1.1.1,示例代码片段根据提示进行配置，或进行少量修改，放入上下文可在IDE中可正常编译，无报错和告警（因示例代码片段缺少定义，若有对应注释说明可忽略），运行后结果与描述/示意图一致性，不能出现crash、界面白屏/黑屏现象。,js-apis-arkui-UIContext-sys.md,https://gitcode.com/openharmony/docs/blob/master/zh-cn/application-dev/reference/apis-arkui/js-apis-arkui-UIContext-sys.md,freezeUINode,UIContext,282,未确认,P1,ArkUI,,,"该示例中 uniqueId 由第272至273行的 node?.getUniqueId() 获取，静态类型可能为 number | undefined；而当前重载 freezeUINode(uniqueId: number, isFrozen: boolean) 的第一个参数要求为 number。直接传入可能为 undefined 的变量，可能导致 IDE 类型检查报错，不符合示例代码应可正常编译的要求。",,"if (uniqueId !== undefined) { this.getUIContext().freezeUINode(uniqueId, false); }","this.getUIContext().freezeUINode(uniqueId, false);",https://gitcode.com/openharmony_docs_ai/docs_review_platform/blob/main/docs_prompt/23_1_1_1.md,质量,示例代码可用实用,示例代码可用性,验证文档中提供的示例代码片段语法和逻辑正确，编译运行无报错和告警,是,文档原第272-282行通过node?.getUniqueId()得到uniqueId，并在setTimeout中继续直接传入freezeUINode；配套接口文件interface/sdk-js/zh-cn/api/@ohos.arkui.UIContext.d.ts第5154行表明getFrameNodeById返回FrameNode | null，interface/sdk-js/zh-cn/api/arkui/FrameNode.d.ts第832行表明getUniqueId返回number，interface/sdk-js/zh-cn/api/@ohos.arkui.UIContext.d.ts第5796行要求uniqueId为number。,在zh-cn/application-dev/reference/apis-arkui/js-apis-arkui-UIContext-sys.md第282-295行将uniqueId获取和两次freezeUINode调用放入node !== null判断内。
cmramc9hd0r8hh67ball6hmo6,23.1.1.1,示例代码片段根据提示进行配置，或进行少量修改，放入上下文可在IDE中可正常编译，无报错和告警（因示例代码片段缺少定义，若有对应注释说明可忽略），运行后结果与描述/示意图一致性，不能出现crash、界面白屏/黑屏现象。,js-apis-arkui-UIContext-sys.md,https://gitcode.com/openharmony/docs/blob/master/zh-cn/application-dev/reference/apis-arkui/js-apis-arkui-UIContext-sys.md,freezeUINode,UIContext,276,未确认,P1,ArkUI,,,"该示例中 uniqueId 由第272至273行的 node?.getUniqueId() 获取，静态类型可能为 number | undefined；而当前重载 freezeUINode(uniqueId: number, isFrozen: boolean) 的第一个参数要求为 number。直接传入可能为 undefined 的变量，可能导致 IDE 类型检查报错，不符合示例代码应可正常编译的要求。",,"if (uniqueId !== undefined) { this.getUIContext().freezeUINode(uniqueId, true); }","this.getUIContext().freezeUINode(uniqueId, true);",https://gitcode.com/openharmony_docs_ai/docs_review_platform/blob/main/docs_prompt/23_1_1_1.md,质量,示例代码可用实用,示例代码可用性,验证文档中提供的示例代码片段语法和逻辑正确，编译运行无报错和告警,是,"文档原第272-276行通过node?.getUniqueId()得到uniqueId后直接调用freezeUINode(uniqueId, true)；配套接口文件interface/sdk-js/zh-cn/api/@ohos.arkui.UIContext.d.ts第5154行表明getFrameNodeById返回FrameNode | null，interface/sdk-js/zh-cn/api/arkui/FrameNode.d.ts第832行表明getUniqueId返回number，interface/sdk-js/zh-cn/api/@ohos.arkui.UIContext.d.ts第5796行要求uniqueId为number。","在zh-cn/application-dev/reference/apis-arkui/js-apis-arkui-UIContext-sys.md第282-287行先判断node !== null，再调用node.getUniqueId()和freezeUINode(uniqueId, true)。"
cmramc9h50r8gh67b5r8mha35,23.1.1.1,示例代码片段根据提示进行配置，或进行少量修改，放入上下文可在IDE中可正常编译，无报错和告警（因示例代码片段缺少定义，若有对应注释说明可忽略），运行后结果与描述/示意图一致性，不能出现crash、界面白屏/黑屏现象。,js-apis-arkui-UIContext-sys.md,https://gitcode.com/openharmony/docs/blob/master/zh-cn/application-dev/reference/apis-arkui/js-apis-arkui-UIContext-sys.md,freezeUINode,UIContext,268,未确认,P1,ArkUI,,,"该示例中 uniqueId 由上一行的 node?.getUniqueId() 获取，静态类型可能为 number | undefined；而当前重载 freezeUINode(uniqueId: number, isFrozen: boolean) 的第一个参数要求为 number。直接传入可能为 undefined 的变量，可能导致 IDE 类型检查报错，不符合示例代码应可正常编译的要求。",,"if (uniqueId !== undefined) { this.getUIContext().freezeUINode(uniqueId, true); }","this.getUIContext().freezeUINode(uniqueId, true);",https://gitcode.com/openharmony_docs_ai/docs_review_platform/blob/main/docs_prompt/23_1_1_1.md,质量,示例代码可用实用,示例代码可用性,验证文档中提供的示例代码片段语法和逻辑正确，编译运行无报错和告警,是,文档原第265-268行通过node?.getUniqueId()得到uniqueId后直接调用freezeUINode；配套接口文件interface/sdk-js/zh-cn/api/@ohos.arkui.UIContext.d.ts第5154行表明getFrameNodeById返回FrameNode | null，interface/sdk-js/zh-cn/api/arkui/FrameNode.d.ts第832行表明getUniqueId返回number，interface/sdk-js/zh-cn/api/@ohos.arkui.UIContext.d.ts第5796行要求uniqueId为number。,"在zh-cn/application-dev/reference/apis-arkui/js-apis-arkui-UIContext-sys.md第273-277行先判断node !== null，再调用node.getUniqueId()和freezeUINode(uniqueId, true)。"
cmramc9gw0r8fh67bqspmdu4u,23.1.1.1,示例代码片段根据提示进行配置，或进行少量修改，放入上下文可在IDE中可正常编译，无报错和告警（因示例代码片段缺少定义，若有对应注释说明可忽略），运行后结果与描述/示意图一致性，不能出现crash、界面白屏/黑屏现象。,js-apis-arkui-UIContext-sys.md,https://gitcode.com/openharmony/docs/blob/master/zh-cn/application-dev/reference/apis-arkui/js-apis-arkui-UIContext-sys.md,freezeUINode,UIContext,252,未确认,P1,ArkUI,,,"该示例中 uniqueId 由上一行的 node?.getUniqueId() 获取，静态类型可能为 number | undefined；而当前重载 freezeUINode(uniqueId: number, isFrozen: boolean) 的第一个参数要求为 number。直接传入可能为 undefined 的变量，可能导致 IDE 类型检查报错，不符合示例代码应可正常编译的要求。",,"if (uniqueId !== undefined) { this.getUIContext().freezeUINode(uniqueId, false); }","this.getUIContext().freezeUINode(uniqueId, false)",https://gitcode.com/openharmony_docs_ai/docs_review_platform/blob/main/docs_prompt/23_1_1_1.md,质量,示例代码可用实用,示例代码可用性,验证文档中提供的示例代码片段语法和逻辑正确，编译运行无报错和告警,是,"文档原第249-252行通过node?.getUniqueId()得到uniqueId后直接调用freezeUINode(uniqueId, false)；配套接口文件interface/sdk-js/zh-cn/api/@ohos.arkui.UIContext.d.ts第5154行表明getFrameNodeById返回FrameNode | null，interface/sdk-js/zh-cn/api/arkui/FrameNode.d.ts第832行表明getUniqueId返回number，interface/sdk-js/zh-cn/api/@ohos.arkui.UIContext.d.ts第5796行要求uniqueId为number。","在zh-cn/application-dev/reference/apis-arkui/js-apis-arkui-UIContext-sys.md第255-259行先判断node !== null，再调用node.getUniqueId()和freezeUINode(uniqueId, false)。"
cmramc9gn0r8eh67bsew0ahs9,23.1.1.1,示例代码片段根据提示进行配置，或进行少量修改，放入上下文可在IDE中可正常编译，无报错和告警（因示例代码片段缺少定义，若有对应注释说明可忽略），运行后结果与描述/示意图一致性，不能出现crash、界面白屏/黑屏现象。,js-apis-arkui-UIContext-sys.md,https://gitcode.com/openharmony/docs/blob/master/zh-cn/application-dev/reference/apis-arkui/js-apis-arkui-UIContext-sys.md,freezeUINode,UIContext,245,未确认,P1,ArkUI,,,"该示例中 uniqueId 由上一行的 node?.getUniqueId() 获取，静态类型可能为 number | undefined；而当前重载 freezeUINode(uniqueId: number, isFrozen: boolean) 的第一个参数要求为 number。直接传入可能为 undefined 的变量，可能导致 IDE 类型检查报错，不符合示例代码应可正常编译的要求。",,"if (uniqueId !== undefined) { this.getUIContext().freezeUINode(uniqueId, true); }","this.getUIContext().freezeUINode(uniqueId, true);",https://gitcode.com/openharmony_docs_ai/docs_review_platform/blob/main/docs_prompt/23_1_1_1.md,质量,示例代码可用实用,示例代码可用性,验证文档中提供的示例代码片段语法和逻辑正确，编译运行无报错和告警,是,"文档原第242-245行通过node?.getUniqueId()得到uniqueId后直接调用freezeUINode(uniqueId, true)；配套接口文件interface/sdk-js/zh-cn/api/@ohos.arkui.UIContext.d.ts第5154行表明getFrameNodeById返回FrameNode | null，interface/sdk-js/zh-cn/api/arkui/FrameNode.d.ts第832行表明getUniqueId返回number，interface/sdk-js/zh-cn/api/@ohos.arkui.UIContext.d.ts第5796行要求uniqueId为number。","在zh-cn/application-dev/reference/apis-arkui/js-apis-arkui-UIContext-sys.md第246-250行先判断node !== null，再调用node.getUniqueId()和freezeUINode(uniqueId, true)。"
cmramc9k20r8sh67b4bkc4pxv,15.1.2.2,number类型：有边界值限制的参数，测试覆盖边界值范围内、边界值、边界值范围外的数值，检查最小长度、最大长度正确。,js-apis-arkui-UIContext-sys.md,https://gitcode.com/openharmony/docs/blob/master/zh-cn/application-dev/reference/apis-arkui/js-apis-arkui-UIContext-sys.md,freezeUINode,UIContext,206,未确认,P1,ArkUI,,,该参数类型为number，且为组件uniqueId。文档同类参数在第342行已明确“组件节点对应的UniqueId。取值范围大于等于0。”，说明该类uniqueId存在固定下界限制；当前参数说明未给出取值范围，不符合有固定、明确边界值限制的number类型参数需说明边界范围的要求。,,| uniqueId | number | 是 | 组件的uniqueId。取值范围大于等于0。|,| uniqueId | number | 是 | 组件的uniqueId。|,https://gitcode.com/openharmony_docs_ai/docs_review_platform/blob/main/docs_prompt/15_1_2_2.md,质量,内容准确实时,参数描述正确,验证文档中描述的参数单位、取值范围正确,否,配套接口文件interface/sdk-js/zh-cn/api/@ohos.arkui.UIContext.d.ts第5788行仅说明uniqueId为“组件的uniqueId”，interface/sdk-js/api/@ohos.arkui.UIContext.d.ts第6220行也仅说明为组件Unique ID，均未给出“取值范围大于等于0”；仅凭同文档第360行其他接口的同名参数不能推断该接口存在相同边界。,无需修改zh-cn/application-dev/reference/apis-arkui/js-apis-arkui-UIContext-sys.md中freezeUINode(uniqueId)的uniqueId参数说明，保持第212行为“组件的uniqueId。”。
cmramc9ge0r8dh67b1ezblxdl,24.2.1.1,示例代码片段中不应存在实际未使用到的冗余代码（包含冗余导包），即代码拷贝至IDE中无灰色未使用代码。,js-apis-arkui-UIContext-sys.md,https://gitcode.com/openharmony/docs/blob/master/zh-cn/application-dev/reference/apis-arkui/js-apis-arkui-UIContext-sys.md,clearResourceCache,UIContext,411,未确认,P2,ArkUI,,,该代码块为结构完整的 ArkTS 示例。`onClick` 回调参数 `event` 声明后在回调体及代码块其他位置均未被读取或调用；`ClickEvent` 仅作为该未使用参数的类型注解出现。删除未使用参数不影响示例展示 `clearResourceCache()` 的调用。,,.onClick(() => {,.onClick((event: ClickEvent) => {,https://gitcode.com/openharmony_docs_ai/docs_review_platform/blob/main/docs_prompt/24_2_1_1.md,体验,示例代码可用实用,示例代码实用性,验证示例代码片段中不存在冗余代码,非本组,用户指定clearResourceCache小节不在本组处理范围；zh-cn/application-dev/reference/apis-arkui/js-apis-arkui-UIContext-sys.md第429行onClick((event: ClickEvent) => {保持原文。,撤销本组对zh-cn/application-dev/reference/apis-arkui/js-apis-arkui-UIContext-sys.md第429行onClick回调参数的修改，保持原样。
cmramc9790r7dh67buw1j9ox0,0.30.1.4,检测 Markdown 文件中代码注释和描述准确性问题、代码规范性检查。,js-apis-arkui-UIContext-sys.md,https://gitcode.com/openharmony/docs/blob/master/zh-cn/application-dev/reference/apis-arkui/js-apis-arkui-UIContext-sys.md,freezeUINode,UIContext,307,未确认,P1,ArkUI,,,该行的 uniqueId 由可选链 node?.getUniqueId() 得到，可能为 undefined；而接口声明要求传入 number。未判空直接调用 freezeUINode，与接口定义不匹配。,,"if (uniqueId !== undefined) { this.getUIContext().freezeUINode(uniqueId, false); }","this.getUIContext().freezeUINode(uniqueId, false);",https://gitcode.com/BeicC/docs-prompt/blob/feature_use_local_pr_information/agentic-workflow/skills/code-comments/SKILL.md,,,,,是,文档原第304-307行通过node?.getUniqueId()得到uniqueId后直接调用freezeUINode；配套接口文件interface/sdk-js/zh-cn/api/@ohos.arkui.UIContext.d.ts第5154行表明getFrameNodeById返回FrameNode | null，interface/sdk-js/zh-cn/api/arkui/FrameNode.d.ts第832行表明getUniqueId返回number，interface/sdk-js/zh-cn/api/@ohos.arkui.UIContext.d.ts第5796行要求uniqueId为number。,"在zh-cn/application-dev/reference/apis-arkui/js-apis-arkui-UIContext-sys.md第318-322行先判断node !== null，再调用node.getUniqueId()和freezeUINode(uniqueId, false)。"
cmramc96y0r7ch67b3d0erfth,0.30.1.4,检测 Markdown 文件中代码注释和描述准确性问题、代码规范性检查。,js-apis-arkui-UIContext-sys.md,https://gitcode.com/openharmony/docs/blob/master/zh-cn/application-dev/reference/apis-arkui/js-apis-arkui-UIContext-sys.md,freezeUINode,UIContext,300,未确认,P1,ArkUI,,,"该示例通过 const uniqueId = node?.getUniqueId(); 取得 uniqueId，返回值可能为 undefined；但 freezeUINode(uniqueId: number, isFrozen: boolean): void 的 uniqueId 参数定义为 number。调用前缺少 undefined 判断，属于接口参数不匹配。",,"if (uniqueId !== undefined) { this.getUIContext().freezeUINode(uniqueId, true); }","this.getUIContext().freezeUINode(uniqueId, true);",https://gitcode.com/BeicC/docs-prompt/blob/feature_use_local_pr_information/agentic-workflow/skills/code-comments/SKILL.md,,,,,是,文档原第297-300行通过node?.getUniqueId()得到uniqueId后直接调用freezeUINode；配套接口文件interface/sdk-js/zh-cn/api/@ohos.arkui.UIContext.d.ts第5154行表明getFrameNodeById返回FrameNode | null，interface/sdk-js/zh-cn/api/arkui/FrameNode.d.ts第832行表明getUniqueId返回number，interface/sdk-js/zh-cn/api/@ohos.arkui.UIContext.d.ts第5796行要求uniqueId为number。,"在zh-cn/application-dev/reference/apis-arkui/js-apis-arkui-UIContext-sys.md第309-313行先判断node !== null，再调用node.getUniqueId()和freezeUINode(uniqueId, true)。"
cmramc96p0r7bh67brw697xdq,0.30.1.4,检测 Markdown 文件中代码注释和描述准确性问题、代码规范性检查。,js-apis-arkui-UIContext-sys.md,https://gitcode.com/openharmony/docs/blob/master/zh-cn/application-dev/reference/apis-arkui/js-apis-arkui-UIContext-sys.md,freezeUINode,UIContext,282,未确认,P1,ArkUI,,,该行复用了外层由 node?.getUniqueId() 得到的 uniqueId，该值可能为 undefined。当前接口签名要求 uniqueId 参数为 number，调用前未校验其有效性，存在接口参数类型不匹配问题。,,"if (uniqueId !== undefined) { this.getUIContext().freezeUINode(uniqueId, false); }","this.getUIContext().freezeUINode(uniqueId, false);",https://gitcode.com/BeicC/docs-prompt/blob/feature_use_local_pr_information/agentic-workflow/skills/code-comments/SKILL.md,,,,,是,文档原第272-282行通过node?.getUniqueId()得到uniqueId，并在setTimeout中继续直接传入freezeUINode；配套接口文件interface/sdk-js/zh-cn/api/@ohos.arkui.UIContext.d.ts第5154行表明getFrameNodeById返回FrameNode | null，interface/sdk-js/zh-cn/api/arkui/FrameNode.d.ts第832行表明getUniqueId返回number，interface/sdk-js/zh-cn/api/@ohos.arkui.UIContext.d.ts第5796行要求uniqueId为number。,在zh-cn/application-dev/reference/apis-arkui/js-apis-arkui-UIContext-sys.md第282-295行将uniqueId获取和两次freezeUINode调用放入node !== null判断内。
cmramc96h0r7ah67b5z8489qc,0.30.1.4,检测 Markdown 文件中代码注释和描述准确性问题、代码规范性检查。,js-apis-arkui-UIContext-sys.md,https://gitcode.com/openharmony/docs/blob/master/zh-cn/application-dev/reference/apis-arkui/js-apis-arkui-UIContext-sys.md,freezeUINode,UIContext,276,未确认,P1,ArkUI,,,"该行使用的 uniqueId 来自上文 const uniqueId = node?.getUniqueId();，在 node 查询不到时可能为 undefined。freezeUINode(uniqueId: number, isFrozen: boolean): void 要求第一个参数为 number，直接传入未判空的 uniqueId 与接口定义不一致。",,"if (uniqueId !== undefined) { this.getUIContext().freezeUINode(uniqueId, true); }","this.getUIContext().freezeUINode(uniqueId, true);",https://gitcode.com/BeicC/docs-prompt/blob/feature_use_local_pr_information/agentic-workflow/skills/code-comments/SKILL.md,,,,,是,"文档原第272-276行通过node?.getUniqueId()得到uniqueId后直接调用freezeUINode(uniqueId, true)；配套接口文件interface/sdk-js/zh-cn/api/@ohos.arkui.UIContext.d.ts第5154行表明getFrameNodeById返回FrameNode | null，interface/sdk-js/zh-cn/api/arkui/FrameNode.d.ts第832行表明getUniqueId返回number，interface/sdk-js/zh-cn/api/@ohos.arkui.UIContext.d.ts第5796行要求uniqueId为number。","在zh-cn/application-dev/reference/apis-arkui/js-apis-arkui-UIContext-sys.md第282-287行先判断node !== null，再调用node.getUniqueId()和freezeUINode(uniqueId, true)。"
cmramc9680r79h67b0rz7bhaw,0.30.1.4,检测 Markdown 文件中代码注释和描述准确性问题、代码规范性检查。,js-apis-arkui-UIContext-sys.md,https://gitcode.com/openharmony/docs/blob/master/zh-cn/application-dev/reference/apis-arkui/js-apis-arkui-UIContext-sys.md,freezeUINode,UIContext,268,未确认,P1,ArkUI,,,该行所在代码块中 uniqueId 由 node?.getUniqueId() 获取，可能为 undefined；但当前小节定义的 freezeUINode 第一个参数为 number。调用前缺少 undefined 判断，存在参数类型不匹配问题。,,"if (uniqueId !== undefined) { this.getUIContext().freezeUINode(uniqueId, true); }","this.getUIContext().freezeUINode(uniqueId, true);",https://gitcode.com/BeicC/docs-prompt/blob/feature_use_local_pr_information/agentic-workflow/skills/code-comments/SKILL.md,,,,,是,文档原第265-268行通过node?.getUniqueId()得到uniqueId后直接调用freezeUINode；配套接口文件interface/sdk-js/zh-cn/api/@ohos.arkui.UIContext.d.ts第5154行表明getFrameNodeById返回FrameNode | null，interface/sdk-js/zh-cn/api/arkui/FrameNode.d.ts第832行表明getUniqueId返回number，interface/sdk-js/zh-cn/api/@ohos.arkui.UIContext.d.ts第5796行要求uniqueId为number。,"在zh-cn/application-dev/reference/apis-arkui/js-apis-arkui-UIContext-sys.md第273-277行先判断node !== null，再调用node.getUniqueId()和freezeUINode(uniqueId, true)。"
cmramc9610r78h67bkrwv5yf0,0.30.1.4,检测 Markdown 文件中代码注释和描述准确性问题、代码规范性检查。,js-apis-arkui-UIContext-sys.md,https://gitcode.com/openharmony/docs/blob/master/zh-cn/application-dev/reference/apis-arkui/js-apis-arkui-UIContext-sys.md,freezeUINode,UIContext,252,未确认,P1,ArkUI,,,"该调用前 uniqueId 由 const uniqueId = node?.getUniqueId(); 得到，类型可能为 number | undefined；而文档声明的接口 freezeUINode(uniqueId: number, isFrozen: boolean): void 要求传入 number。未判空直接调用属于接口参数类型不匹配。",,"if (uniqueId !== undefined) { this.getUIContext().freezeUINode(uniqueId, false); }","this.getUIContext().freezeUINode(uniqueId, false)",https://gitcode.com/BeicC/docs-prompt/blob/feature_use_local_pr_information/agentic-workflow/skills/code-comments/SKILL.md,,,,,是,"文档原第249-252行通过node?.getUniqueId()得到uniqueId后直接调用freezeUINode(uniqueId, false)；配套接口文件interface/sdk-js/zh-cn/api/@ohos.arkui.UIContext.d.ts第5154行表明getFrameNodeById返回FrameNode | null，interface/sdk-js/zh-cn/api/arkui/FrameNode.d.ts第832行表明getUniqueId返回number，interface/sdk-js/zh-cn/api/@ohos.arkui.UIContext.d.ts第5796行要求uniqueId为number。","在zh-cn/application-dev/reference/apis-arkui/js-apis-arkui-UIContext-sys.md第255-259行先判断node !== null，再调用node.getUniqueId()和freezeUINode(uniqueId, false)。"
cmramc95t0r77h67bgb0hx5dw,0.30.1.4,检测 Markdown 文件中代码注释和描述准确性问题、代码规范性检查。,js-apis-arkui-UIContext-sys.md,https://gitcode.com/openharmony/docs/blob/master/zh-cn/application-dev/reference/apis-arkui/js-apis-arkui-UIContext-sys.md,freezeUINode,UIContext,245,未确认,P1,ArkUI,,,"该示例中 uniqueId 由上一行 const uniqueId = node?.getUniqueId(); 获取。由于使用了可选链，node 不存在时 uniqueId 的值可能为 undefined，但当前小节接口签名为 freezeUINode(uniqueId: number, isFrozen: boolean): void，要求第一个参数为 number。直接传入 uniqueId 与接口定义不匹配，示例存在类型检查失败或无效调用风险。",,"if (uniqueId !== undefined) { this.getUIContext().freezeUINode(uniqueId, true); }","this.getUIContext().freezeUINode(uniqueId, true);",https://gitcode.com/BeicC/docs-prompt/blob/feature_use_local_pr_information/agentic-workflow/skills/code-comments/SKILL.md,,,,,是,"文档原第242-245行通过node?.getUniqueId()得到uniqueId后直接调用freezeUINode(uniqueId, true)；配套接口文件interface/sdk-js/zh-cn/api/@ohos.arkui.UIContext.d.ts第5154行表明getFrameNodeById返回FrameNode | null，interface/sdk-js/zh-cn/api/arkui/FrameNode.d.ts第832行表明getUniqueId返回number，interface/sdk-js/zh-cn/api/@ohos.arkui.UIContext.d.ts第5796行要求uniqueId为number。","在zh-cn/application-dev/reference/apis-arkui/js-apis-arkui-UIContext-sys.md第246-250行先判断node !== null，再调用node.getUniqueId()和freezeUINode(uniqueId, true)。"
cmramc9860r7hh67bilzehskm,0.30.1.3,检测 Markdown 文件中常识性错误检查,js-apis-arkui-UIContext-sys.md,https://gitcode.com/openharmony/docs/blob/master/zh-cn/application-dev/reference/apis-arkui/js-apis-arkui-UIContext-sys.md,freezeUINode,UIContext,207,未确认,P2,ArkUI,,,"接口签名 `freezeUINode(uniqueId: number, isFrozen: boolean): void` 中 `isFrozen` 为必填参数，参数表也标记为“是”，但说明中又写“默认值为false”，必填属性与默认值描述不一致。",,| isFrozen | boolean | 是 | 是否设置冻结。<br/>true表示设置冻结，false表示设置不冻结。|,| isFrozen | boolean | 是 | 是否设置冻结。<br/>true表示设置冻结，false表示设置不冻结。<br/>默认值为false。|,https://gitcode.com/BeicC/docs-prompt/blob/feature_use_local_pr_information/agentic-workflow/skills/common-sense/SKILL.md,,,,,否,配套接口文件interface/sdk-js/zh-cn/api/@ohos.arkui.UIContext.d.ts第5789行明确写明freezeUINode(uniqueId)的isFrozen参数“默认值为false”；文档原第207行与接口一致，不属于文档常识性错误。,无需修改zh-cn/application-dev/reference/apis-arkui/js-apis-arkui-UIContext-sys.md中freezeUINode(uniqueId)的isFrozen参数默认值说明。
cmramc97y0r7gh67b9up5e9zr,0.30.1.3,检测 Markdown 文件中常识性错误检查,js-apis-arkui-UIContext-sys.md,https://gitcode.com/openharmony/docs/blob/master/zh-cn/application-dev/reference/apis-arkui/js-apis-arkui-UIContext-sys.md,freezeUINode,UIContext,87,未确认,P2,ArkUI,,,"接口签名 `freezeUINode(id: string, isFrozen: boolean): void` 中 `isFrozen` 为必填参数，参数表也标记为“是”，但说明中又写“默认值为false”，必填属性与默认值描述不一致。",,| isFrozen | boolean | 是 | 是否设置冻结。<br/>true表示设置冻结，false表示设置不冻结。|,| isFrozen | boolean | 是 | 是否设置冻结。<br/>true表示设置冻结，false表示设置不冻结。<br/>默认值为false。|,https://gitcode.com/BeicC/docs-prompt/blob/feature_use_local_pr_information/agentic-workflow/skills/common-sense/SKILL.md,,,,,否,配套接口文件interface/sdk-js/zh-cn/api/@ohos.arkui.UIContext.d.ts第5776行明确写明freezeUINode(id)的isFrozen参数“默认值为false”；文档原第87行与接口一致，不属于文档常识性错误。,无需修改zh-cn/application-dev/reference/apis-arkui/js-apis-arkui-UIContext-sys.md中freezeUINode(id)的isFrozen参数默认值说明。
cmramc9a70r7ph67blmf2umac,26.1.2.1,对于复杂原理/概念，查看文档是否适当使用图表，辅助内容理解,js-apis-arkui-UIContext-sys.md,https://gitcode.com/openharmony/docs/blob/master/zh-cn/application-dev/reference/apis-arkui/js-apis-arkui-UIContext-sys.md,,,9,未确认,P2,ArkUI,,,该段同时说明WindowStage/Window、UI实例、窗口关联、全局UI接口、执行上下文、调用链追溯和失败场景之间的关系，属于较复杂的机制性概念说明。当前仅以长段文字描述，缺少关系图或流程图辅助读者理解正常调用路径与非UI页面/异步回调调用失败路径的差异，符合该规则下“复杂原理/概念未适当使用图表”的问题特征。,,在该段后补充UIContext上下文追溯机制示意图，展示WindowStage/Window通过loadContent创建并关联UI实例、接口调用时通过调用链追溯UI上下文，以及非UI页面或异步回调中可能无法追溯上下文而调用失败的路径。,在Stage模型中，WindowStage/Window可以通过loadContent接口加载页面并创建UI的实例，并将页面内容渲染到关联的窗口中，所以UI实例和窗口是一一关联的。一些全局的UI接口是和具体UI实例的执行上下文相关的，在当前接口调用时，通过追溯调用链跟踪到UI的上下文，来确定具体的UI实例。若在非UI页面中或者一些异步回调中调用这类接口，可能无法跟踪到当前UI的上下文，导致接口执行失败。,https://gitcode.com/openharmony_docs_ai/docs_review_platform/blob/main/docs_prompt/26_1_2_1.md,体验,内容清晰性,原理描述清晰性,对于复杂原理/概念，文档提供适当图表，辅助内容理解,否,文档原第9行是模块背景说明，描述UI实例、窗口和调用链上下文关系；同文件第23行已说明获取UIContext实例的方式，第99-190行和第221-342行给出具体调用示例。该段不是必须配图才能理解的复杂算法或流程。,无需针对本条新增图表；仅按功能完整性问题在zh-cn/application-dev/reference/apis-arkui/js-apis-arkui-UIContext-sys.md第9行补充UIContext能力和收益描述。
cmramc94y0r73h67bxrvg15fp,0.30.1.7,检测 Markdown 文件中的Markdown语法规范问题,js-apis-arkui-UIContext-sys.md,https://gitcode.com/openharmony/docs/blob/master/zh-cn/application-dev/reference/apis-arkui/js-apis-arkui-UIContext-sys.md,freezeUINode,UIContext,207,未确认,P2,ArkUI,,,规则明确要求换行符统一使用 `<br>`，`<br/>` 属于错误写法；该行在表格单元格内使用了两个 `<br/>`。,,| isFrozen | boolean | 是 | 是否设置冻结。<br>true表示设置冻结，false表示设置不冻结。<br>默认值为false。|,| isFrozen | boolean | 是 | 是否设置冻结。<br/>true表示设置冻结，false表示设置不冻结。<br/>默认值为false。|,https://gitcode.com/BeicC/docs-prompt/blob/feature_use_local_pr_information/agentic-workflow/skills/markdown/SKILL.md,,,,,否,配套接口文件interface/sdk-js/zh-cn/api/@ohos.arkui.UIContext.d.ts第5789行使用“<br/>”描述freezeUINode(uniqueId)的isFrozen参数；文档原第207行与配套接口写法一致，不应按本条改为<br>。,无需修改zh-cn/application-dev/reference/apis-arkui/js-apis-arkui-UIContext-sys.md中freezeUINode(uniqueId)参数说明的<br/>写法。
cmramc94q0r72h67b8lxl9183,0.30.1.7,检测 Markdown 文件中的Markdown语法规范问题,js-apis-arkui-UIContext-sys.md,https://gitcode.com/openharmony/docs/blob/master/zh-cn/application-dev/reference/apis-arkui/js-apis-arkui-UIContext-sys.md,freezeUINode,UIContext,87,未确认,P2,ArkUI,,,规则明确要求换行符统一使用 `<br>`，`<br/>` 属于错误写法；该行在表格单元格内使用了两个 `<br/>`。,,| isFrozen | boolean | 是 | 是否设置冻结。<br>true表示设置冻结，false表示设置不冻结。<br>默认值为false。|,| isFrozen | boolean | 是 | 是否设置冻结。<br/>true表示设置冻结，false表示设置不冻结。<br/>默认值为false。|,https://gitcode.com/BeicC/docs-prompt/blob/feature_use_local_pr_information/agentic-workflow/skills/markdown/SKILL.md,,,,,否,配套接口文件interface/sdk-js/zh-cn/api/@ohos.arkui.UIContext.d.ts第5776行使用“<br/>”描述freezeUINode(id)的isFrozen参数；文档原第87行与配套接口写法一致，不应按本条改为<br>。,无需修改zh-cn/application-dev/reference/apis-arkui/js-apis-arkui-UIContext-sys.md中freezeUINode(id)参数说明的<br/>写法。
cmramc9420r70h67bqdquqi7m,0.30.1.8,检测 Markdown 文件中的中英文标点符号常见问题,js-apis-arkui-UIContext-sys.md,https://gitcode.com/openharmony/docs/blob/master/zh-cn/application-dev/reference/apis-arkui/js-apis-arkui-UIContext-sys.md,freezeUINode,UIContext,196,未确认,P2,ArkUI,,,该行整体为中文说明语境，加粗标签“原子化服务API”后的冒号使用了英文冒号`:`，应改为中文冒号`：`，并保持冒号位于加粗标记内部，与文档中“**系统接口：**”“**系统能力：**”等格式一致。,,**原子化服务API：** 从API version 18 开始，该接口支持在原子化服务中使用。,**原子化服务API:** 从API version 18 开始，该接口支持在原子化服务中使用。,https://gitcode.com/BeicC/docs-prompt/blob/feature_use_local_pr_information/agentic-workflow/skills/punctuation/SKILL.md,,,,,是,文档原第196行中文语境标签“原子化服务API”后使用英文冒号；同仓zh-cn/application-dev/reference/apis-arkui/js-apis-postCardAction.md第23行使用“**原子化服务API：**”格式。,将zh-cn/application-dev/reference/apis-arkui/js-apis-arkui-UIContext-sys.md第198行改为“**原子化服务API：** 从API version 18开始，该接口支持在原子化服务中使用。”
cmramc93t0r6zh67brmjm13ac,0.30.1.8,检测 Markdown 文件中的中英文标点符号常见问题,js-apis-arkui-UIContext-sys.md,https://gitcode.com/openharmony/docs/blob/master/zh-cn/application-dev/reference/apis-arkui/js-apis-arkui-UIContext-sys.md,freezeUINode,UIContext,76,未确认,P2,ArkUI,,,该行整体为中文说明语境，加粗标签“原子化服务API”后的冒号使用了英文冒号`:`，应改为中文冒号`：`，并保持冒号位于加粗标记内部，与文档中“**系统接口：**”“**系统能力：**”等格式一致。,,**原子化服务API：** 从API version 18 开始，该接口支持在原子化服务中使用。,**原子化服务API:** 从API version 18 开始，该接口支持在原子化服务中使用。,https://gitcode.com/BeicC/docs-prompt/blob/feature_use_local_pr_information/agentic-workflow/skills/punctuation/SKILL.md,,,,,是,文档原第76行中文语境标签“原子化服务API”后使用英文冒号；同仓zh-cn/application-dev/reference/apis-arkui/js-apis-postCardAction.md第23行使用“**原子化服务API：**”格式。,将zh-cn/application-dev/reference/apis-arkui/js-apis-arkui-UIContext-sys.md第76行改为“**原子化服务API：** 从API version 18开始，该接口支持在原子化服务中使用。”
